time,latitude,longitude,depth,mag,magType,nst,gap,dmin,rms,net,id,updated,place,type,horizontalError,depthError,magError,magNst,status,locationSource,magSource
2020-12-29T11:19:54.762Z,45.4244,16.2573,10,6.4,mww,,13,0.941,0.75,us,us6000d3zh,2021-08-25T11:43:00.573Z,"2 km WSW of Petrinja, Croatia",earthquake,4.4,1.8,0.033,89,reviewed,us,us
2020-12-27T21:39:14.770Z,-39.3398,-74.9849,10,6.7,mww,,19,1.319,0.63,us,us6000d3i9,2021-03-06T23:19:37.040Z,"146 km WNW of Corral, Chile",earthquake,5.8,1.7,0.048,42,reviewed,us,us
2020-12-24T23:43:41.964Z,13.82,120.6539,109,6.3,mww,,15,3.715,0.75,us,us6000d2ra,2021-06-10T03:35:37.650Z,"2 km ESE of Calatagan, Philippines",earthquake,5.8,1.8,0.032,92,reviewed,us,us
2020-12-23T18:11:47.762Z,6.2544,133.6362,11,6.1,mww,,34,1.561,0.99,us,us6000d29t,2021-09-02T14:18:54.455Z,"90 km SW of Angaur State, Palau",earthquake,6.2,1.7,0.033,86,reviewed,us,us
2020-12-20T17:23:22.668Z,40.8667,142.5814,35,6.3,mww,,33,1.153,1.07,us,us7000csqe,2021-07-13T14:27:59.524Z,"100 km ENE of Hachinohe, Japan",earthquake,6.8,1.9,0.041,57,reviewed,us,us
2020-12-15T23:21:57.807Z,5.1789,125.4212,14,6.1,mww,,27,1.884,1.08,us,us7000crdx,2021-08-29T16:22:05.151Z,"25 km S of Sarangani, Philippines",earthquake,7.1,1.7,0.054,33,reviewed,us,us
2020-12-14T15:20:49.542Z,-21.8063,-68.7079,114,6,mww,,34,0.496,0.71,us,us7000cqyz,2021-02-20T16:11:53.040Z,"75 km NNE of Calama, Chile",earthquake,5.6,1.8,0.045,47,reviewed,us,us
2020-12-10T13:19:58.682Z,24.7818,122.0243,71,6.1,mww,,18,0.515,0.76,us,us7000cpqz,2021-07-05T15:30:33.885Z,"27 km E of Yilan, Taiwan",earthquake,3.8,1.6,0.061,26,reviewed,us,us
2020-12-06T16:47:42.643Z,-20.3947,-69.0609,105,6.1,mww,,30,0.266,1.17,us,us7000cnnz,2021-02-12T22:39:44.040Z,"115 km E of Iquique, Chile",earthquake,3.1,1.9,0.05,39,reviewed,us,us
2020-12-01T20:52:57.066Z,-61.9496,154.7341,10,6,mww,,29,7.795,0.85,us,us7000clt8,2021-08-31T06:02:15.298Z,"Balleny Islands region",earthquake,9.5,1.7,0.083,14,reviewed,us,us
2020-12-01T16:22:39.923Z,52.7551,-168.2401,23,6.4,mww,,61,0.64,0.75,us,us7000clnv,2021-09-21T16:32:42.154Z,"47 km ESE of Nikolski, AK",earthquake,3.3,1.7,0.025,150,reviewed,us,us
2020-11-30T22:55:03.914Z,-24.3221,-67.0048,189,6.3,mww,,32,1.737,1.06,us,us7000clbs,2021-04-26T03:41:30.854Z,"71 km W of San Antonio de los Cobres, Argentina",earthquake,7.6,1.8,0.043,52,reviewed,us,us
2020-11-30T22:54:34.601Z,48.2521,140.7971,589,6.4,mww,,26,1.854,0.94,us,us7000clbu,2021-02-06T18:29:22.040Z,"88 km SSE of Sovetskaya Gavan’, Russia",earthquake,6,1.9,0.04,60,reviewed,us,us
2020-11-22T00:54:56.794Z,-34.5978,-73.0596,22,6.1,mww,,16,1.016,0.59,us,us6000crcq,2021-06-16T20:17:55.960Z,"100 km NW of Constitución, Chile",earthquake,4.6,1.8,0.034,83,reviewed,us,us
2020-11-17T01:44:11.421Z,-2.6706,99.3227,19,6,mww,,23,3.436,0.58,us,us7000cfxq,2021-01-27T17:30:04.040Z,"222 km SSW of Padang, Indonesia",earthquake,7.2,1.7,0.051,37,reviewed,us,us
2020-11-15T22:37:43.690Z,8.7572,126.2914,43,6,mww,,26,1.819,0.99,us,us7000cfes,2021-01-27T17:29:45.040Z,"5 km S of Marihatag, Philippines",earthquake,6.2,1.9,0.042,54,reviewed,us,us
2020-11-11T00:48:44.122Z,-19.7177,-177.561,417,6,mww,,22,4.596,1.11,us,us7000cd6e,2021-01-27T17:28:31.040Z,"291 km WNW of Haveluloto, Tonga",earthquake,9.3,1.9,0.063,24,reviewed,us,us
2020-11-07T09:27:05.498Z,-15.2458,-173.5276,34,6.2,mww,,41,4.54,0.72,us,us7000cbr2,2021-01-23T22:25:33.040Z,"83 km NNE of Hihifo, Tonga",earthquake,8.7,1.8,0.053,34,reviewed,us,us
2020-11-03T02:40:54.919Z,-44.4111,-79.375,10,6,mww,,43,4.334,0.71,us,us7000c9jz,2021-01-18T23:02:05.040Z,"Off the coast of Aisen, Chile",earthquake,8.9,1.8,0.035,78,reviewed,us,us
2020-10-30T11:51:27.348Z,37.8973,26.7838,21,7,mww,,18,1.518,0.59,us,us7000c7y0,2021-06-26T13:28:36.830Z,"13 km NNE of Néon Karlovásion, Greece",earthquake,1.4,1.8,0.036,75,reviewed,us,us
2020-10-23T07:04:30.940Z,-25.634,-179.9621,454,6.1,mww,,23,4.025,0.83,us,us6000cbx8,2021-01-09T20:05:21.040Z,"south of the Fiji Islands",earthquake,5.9,2,0.05,38,reviewed,us,us
2020-10-19T20:54:38.950Z,54.602,-159.6258,28.37,7.6,mww,,36,0.23,0.91,us,us6000c9hg,2021-03-15T15:48:36.759Z,"99 km SE of Sand Point, Alaska",earthquake,5.1,3,0.021,213,reviewed,us,us
2020-10-08T07:35:32.524Z,-6.0942,146.1738,106,6.3,mww,,13,3.431,0.75,us,us6000c6mu,2020-12-19T17:22:39.040Z,"40 km ENE of Kainantu, Papua New Guinea",earthquake,6.4,1.9,0.055,32,reviewed,us,us
2020-10-01T10:34:45.149Z,-5.9961,148.6656,74,6.1,mww,,15,3.7,0.79,us,us6000c3td,2020-12-12T22:28:29.040Z,"100 km WNW of Kandrian, Papua New Guinea",earthquake,6.3,1.9,0.037,71,reviewed,us,us
2020-10-01T01:13:36.524Z,-19.5385,-174.1217,28,6.4,mww,,20,3.988,0.63,us,us6000c3kz,2020-12-12T22:28:27.040Z,"39 km NE of Pangai, Tonga",earthquake,8.4,1.8,0.053,34,reviewed,us,us
2020-09-26T17:10:22.462Z,-48.0249,31.7404,10,6.1,mww,,18,13.767,0.68,us,us6000c1np,2020-12-05T21:03:00.040Z,"south of Africa",earthquake,9,1.7,0.052,36,reviewed,us,us
2020-09-18T21:43:59.027Z,0.9298,-26.8533,10,6.9,mww,,16,11.255,0.68,us,us7000bq10,2021-06-15T03:46:42.986Z,"central Mid-Atlantic Ridge",earthquake,8.5,1.7,0.032,91,reviewed,us,us
2020-09-15T03:41:28.036Z,55.9733,158.3783,344,6.4,mww,,25,2.898,0.68,us,us7000bnd1,2020-11-21T20:10:43.040Z,"21 km WNW of Esso, Russia",earthquake,5.9,1.8,0.028,120,reviewed,us,us
2020-09-12T02:44:11.224Z,38.7482,142.2446,34,6.1,mww,,47,2.232,0.97,us,us7000bm9m,2020-11-21T20:10:37.040Z,"58 km SE of ?funato, Japan",earthquake,5.7,1.7,0.057,30,reviewed,us,us
2020-09-11T07:35:57.187Z,-21.3968,-69.9096,51,6.2,mww,,72,0.077,0.88,us,us7000blm2,2020-11-21T20:10:36.040Z,"82 km NNE of Tocopilla, Chile",earthquake,6.3,1.9,0.071,19,reviewed,us,us
2020-09-07T06:12:39.688Z,-17.1102,168.5034,10,6.2,mww,,41,2.072,1.03,us,us7000bj6y,2020-11-29T09:47:05.444Z,"72 km NNE of Port-Vila, Vanuatu",earthquake,6.9,1.8,0.058,29,reviewed,us,us
2020-09-06T15:23:43.148Z,6.2693,125.8285,120,6.3,mww,,29,0.832,1.22,us,us7000biyd,2021-05-14T09:43:48.716Z,"17 km E of Talagutong, Philippines",earthquake,7.2,1.9,0.045,47,reviewed,us,us
2020-09-06T06:51:18.470Z,7.6829,-37.1544,10,6.7,mww,,22,15.122,0.72,us,us7000biu8,2020-11-17T19:44:44.040Z,"central Mid-Atlantic Ridge",earthquake,9.2,1.8,0.045,48,reviewed,us,us
2020-09-06T02:59:16.073Z,-17.1562,167.5321,10,6.2,mww,,59,1.728,1.19,us,us7000birm,2020-11-17T19:44:43.040Z,"104 km NW of Port-Vila, Vanuatu",earthquake,6.1,0.9,0.052,36,reviewed,us,us
2020-09-06T01:16:58.935Z,-30.3388,-71.4912,30,6.3,mww,,32,0.356,1.09,us,us7000biqb,2021-01-18T06:15:54.355Z,"40 km NW of Ovalle, Chile",earthquake,5,1.8,0.042,54,reviewed,us,us
2020-09-01T21:09:17.852Z,-27.9162,-71.3701,16,6.5,mww,,49,0.388,0.9,us,us7000bg4v,2021-07-31T18:40:51.218Z,"94 km NW of Vallenar, Chile",earthquake,4.3,1.6,0.071,19,reviewed,us,us
2020-09-01T04:30:02.173Z,-28.0315,-71.2662,16.18,6.3,mww,,69,0.242,0.91,us,us7000bfjx,2020-11-07T18:48:42.040Z,"78 km NW of Vallenar, Chile",earthquake,4,3,0.058,29,reviewed,us,us
2020-09-01T04:09:28.470Z,-27.9686,-71.3062,21,6.8,mww,,69,0.312,0.88,us,us7000bfjr,2021-07-31T18:33:49.225Z,"86 km NW of Vallenar, Chile",earthquake,5.5,1.8,0.039,62,reviewed,us,us
2020-08-31T17:24:04.946Z,-4.0158,70.1973,10,6.1,mww,,22,4.041,1.28,us,us7000bfbx,2020-11-07T18:48:40.040Z,"Chagos Archipelago region",earthquake,8,1.7,0.047,44,reviewed,us,us
2020-08-30T21:20:29.757Z,0.7821,-29.8656,10,6.5,mww,,31,15.394,0.66,us,us7000bf3k,2021-06-26T03:42:19.461Z,"central Mid-Atlantic Ridge",earthquake,9.3,1.7,0.046,46,reviewed,us,us
2020-08-25T19:08:52.908Z,-5.5454,151.8365,22,6.2,mww,,18,1.25,0.73,us,us7000bcty,2020-10-31T19:06:28.040Z,"141 km SSW of Kokopo, Papua New Guinea",earthquake,5.5,1.7,0.047,43,reviewed,us,us
2020-08-25T19:02:58.437Z,-5.5579,151.8638,23,6,mww,,16,1.259,0.72,us,us7000bctq,2020-10-31T19:06:28.040Z,"141 km SSW of Kokopo, Papua New Guinea",earthquake,5.8,1.8,0.055,32,reviewed,us,us
2020-08-24T21:51:09.259Z,9.5785,-84.6376,20,6,mww,,84,0.644,1.26,us,us7000bcbv,2021-03-29T21:03:52.438Z,"4 km SSW of Jacó, Costa Rica",earthquake,5.5,1.8,0.041,57,reviewed,us,us
2020-08-21T04:09:51.930Z,-6.71,123.4649,624,6.9,mww,,20,2.267,1.31,us,us6000bi4p,2020-10-31T19:06:13.040Z,"222 km SSE of Katabu, Indonesia",earthquake,8.8,1.9,0.052,36,reviewed,us,us
2020-08-18T22:29:24.731Z,-4.2069,101.2411,26,6.9,mww,,25,1.716,0.81,us,us6000bgvu,2020-10-24T20:09:05.040Z,"122 km WSW of Bengkulu, Indonesia",earthquake,6.6,1.8,0.033,86,reviewed,us,us
2020-08-18T22:23:59.497Z,-4.3217,101.1347,22,6.8,mww,,34,1.816,0.91,us,us6000bgvl,2020-10-24T20:09:05.040Z,"138 km WSW of Bengkulu, Indonesia",earthquake,7.3,1.8,0.063,24,reviewed,us,us
2020-08-18T00:03:48.566Z,12.0257,124.1272,10,6.6,mww,,14,5.128,0.73,us,us6000bgbr,2020-10-24T20:09:00.040Z,"13 km E of San Pedro, Philippines",earthquake,7.1,1.6,0.06,27,reviewed,us,us
2020-08-12T17:13:16.180Z,-7.3327,39.8126,17.55,6,mww,,26,5.245,0.99,us,us6000bdg8,2020-10-24T20:08:46.040Z,"66 km NNE of Kilindoni, Tanzania",earthquake,9.5,2.9,0.047,43,reviewed,us,us
2020-08-06T23:36:44.553Z,-41.6794,42.4486,10,6.3,mww,,18,8.274,0.8,us,us6000badi,2021-08-21T05:29:22.139Z,"Prince Edward Islands region",earthquake,8.7,1.7,0.046,45,reviewed,us,us
2020-08-05T12:05:36.589Z,-16.0944,168.065,181.88,6.4,mww,,24,1.05,0.78,us,us6000b9mv,2020-10-21T22:03:52.040Z,"69 km E of Lakatoro, Vanuatu",earthquake,7.6,2.9,0.034,83,reviewed,us,us
2020-08-01T19:22:05.163Z,-3.1951,148.6496,10,6.1,mww,,23,1.718,0.67,us,us6000b84f,2020-10-10T17:11:08.040Z,"199 km SE of Lorengau, Papua New Guinea",earthquake,6.1,1.7,0.046,45,reviewed,us,us
2020-08-01T17:09:01.952Z,7.2932,124.1331,483,6.4,mww,,13,1.451,1.04,us,us6000b80p,2021-05-16T02:12:35.526Z,"11 km SW of Polloc, Philippines",earthquake,7.4,1.9,0.027,129,reviewed,us,us
2020-07-28T08:03:43.215Z,54.7905,-161.2041,35.15,6.1,mww,,37,0.523,1.29,us,us6000b56k,2020-10-03T17:32:28.040Z,"75 km SW of Sand Point, Alaska",earthquake,2.6,3.2,0.024,163,reviewed,us,us
2020-07-26T00:53:59.061Z,-60.7833,-25.413,10,6.4,mww,,20,8.818,0.57,us,us6000b46r,2020-10-03T17:32:23.040Z,"South Sandwich Islands region",earthquake,8.7,1.7,0.046,45,reviewed,us,us
2020-07-22T20:07:19.194Z,33.1438,86.8637,10,6.3,mww,,14,5.168,0.88,us,us6000b26j,2020-10-03T17:32:15.040Z,"western Xizang",earthquake,2.8,1.7,0.071,19,reviewed,us,us
2020-07-22T06:16:18.627Z,54.969,-159.0413,16.53,6.1,mb,,145,0.345,0.73,us,us7000asx4,2020-10-03T17:32:40.040Z,"101 km ESE of Sand Point, Alaska",earthquake,3.6,2.5,0.101,37,reviewed,us,us
2020-07-22T06:12:44.810Z,55.0715,-158.596,28,7.8,mww,,60,0.621,0.97,us,us7000asvb,2021-07-29T07:12:16.549Z,"99 km SSE of Perryville, Alaska",earthquake,5.4,1.9,0.019,261,reviewed,us,us
2020-07-21T20:56:25.167Z,-20.8045,-178.6325,605.2,6,mww,,34,6.479,0.98,us,us7000asms,2020-09-26T16:58:44.040Z,"Fiji region",earthquake,8.6,2.9,0.068,21,reviewed,us,us
2020-07-18T15:32:36.835Z,-15.2553,-172.694,12,6.1,mww,,56,1.603,1.11,us,us7000aqwd,2020-09-26T16:58:36.040Z,"141 km ENE of Hihifo, Tonga",earthquake,7.2,1.8,0.043,52,reviewed,us,us
2020-07-17T14:03:40.437Z,11.8485,94.9362,10,6.1,mww,,61,2.155,0.84,us,us7000aqaw,2020-09-26T16:58:34.040Z,"239 km E of Port Blair, India",earthquake,6.1,1.8,0.043,53,reviewed,us,us
2020-07-17T02:50:22.178Z,-7.836,147.7704,73,7,mww,,18,1.671,1.1,us,us7000aq3e,2020-10-08T07:52:43.279Z,"114 km NNW of Popondetta, Papua New Guinea",earthquake,6.8,1.9,0.054,33,reviewed,us,us
2020-07-06T22:54:47.538Z,-5.6023,110.6893,533.76,6.6,mww,,14,1.458,1.16,us,us7000aj3w,2020-09-11T22:14:22.040Z,"Java Sea",earthquake,8.7,2.7,0.056,31,reviewed,us,us
2020-07-06T18:16:18.418Z,12.0809,140.2476,10,6.2,mww,,19,4.749,0.95,us,us7000aixy,2021-09-05T04:03:25.659Z,"257 km N of Fais, Micronesia",earthquake,7.5,1.7,0.058,29,reviewed,us,us
2020-06-25T21:05:18.140Z,35.5948,82.4158,10,6.3,mww,,24,6.134,0.63,us,us7000abmk,2020-09-05T17:35:21.040Z,"278 km SE of Hotan, China",earthquake,7,1.7,0.062,25,reviewed,us,us
2020-06-23T15:29:04.350Z,15.8861,-96.0077,20,7.4,mww,,30,0.151,1.14,us,us6000ah9t,2021-09-23T18:30:24.995Z,"9 km SE of Santa María Xadani, Mexico",earthquake,2.1,1.8,0.035,79,reviewed,us,us
2020-06-23T07:43:29.219Z,0.0368,123.7866,109,6,mww,,22,1.475,0.9,us,us6000ah1z,2020-08-30T00:01:07.040Z,"97 km SE of Gorontalo, Indonesia",earthquake,5.7,1.9,0.049,40,reviewed,us,us
2020-06-21T19:07:54.833Z,66.381,-18.707,10,6,mww,,55,1.969,0.87,us,us6000ag18,2021-09-02T14:18:32.772Z,"27 km NNE of Siglufjörður, Iceland",earthquake,6.9,1.8,0.034,81,reviewed,us,us
2020-06-18T12:49:53.844Z,-33.2927,-177.8571,10,7.4,mww,,23,4.035,0.86,us,us6000ae4n,2020-08-30T00:00:45.040Z,"south of the Kermadec Islands",earthquake,7.9,1.7,0.041,56,reviewed,us,us
2020-06-13T21:08:30.503Z,18.9317,145.1116,622,6.2,mww,,8,3.727,0.95,us,us6000abgq,2021-09-02T14:20:28.212Z,"Pagan region, Northern Mariana Islands",earthquake,8.8,1.9,0.037,71,reviewed,us,us
2020-06-13T15:51:24.069Z,28.8591,128.2713,165,6.6,mww,,18,2.015,1.04,us,us6000abcq,2020-08-22T19:14:49.040Z,"130 km WNW of Naze, Japan",earthquake,7.3,1.9,0.038,68,reviewed,us,us
2020-06-10T19:58:50.008Z,-15.8069,-13.0363,10,6,mww,,29,7.017,1.24,us,us6000a9ik,2020-08-22T19:14:42.040Z,"southern Mid-Atlantic Ridge",earthquake,8.9,1.8,0.057,30,reviewed,us,us
2020-06-04T08:49:40.397Z,2.911,128.248,112.86,6.4,mww,,20,2.3,0.86,us,us6000a5r3,2020-08-18T17:58:49.040Z,"133 km NNE of Tobelo, Indonesia",earthquake,6.4,4.7,0.055,32,reviewed,us,us
2020-06-03T09:31:35.257Z,-24.6746,-176.7113,69.85,6,mww,,56,4.68,0.89,us,us6000a532,2020-08-18T17:58:45.040Z,"south of the Fiji Islands",earthquake,8.7,4.3,0.089,12,reviewed,us,us
2020-06-03T07:35:36.466Z,-23.274,-68.4677,112,6.8,mww,,21,1.164,1.13,us,us6000a4yi,2020-08-18T17:58:45.040Z,"48 km SW of San Pedro de Atacama, Chile",earthquake,6.8,1.8,0.046,45,reviewed,us,us
2020-05-31T05:09:38.593Z,-15.3256,-70.7731,186,6.1,mww,,73,2.57,0.77,us,us6000a316,2020-08-15T20:19:55.040Z,"19 km SW of Vilavila, Peru",earthquake,5.1,1.8,0.039,63,reviewed,us,us
2020-05-28T07:18:45.146Z,-22.2146,-174.4196,10,6,mww,,21,7.682,0.96,us,us6000a0um,2020-08-15T20:19:41.040Z,"111 km SSE of ‘Ohonua, Tonga",earthquake,8.3,1.8,0.051,37,reviewed,us,us
2020-05-27T07:09:09.853Z,-17.5304,167.8743,9.73,6.2,mww,,27,3.932,1.24,us,us60009zv5,2020-08-15T20:19:36.040Z,"51 km WNW of Port-Vila, Vanuatu",earthquake,9.2,3,0.049,40,reviewed,us,us
2020-05-22T08:46:06.973Z,22.4152,-108.1275,10,6.1,mww,,151,2.097,0.7,us,us70009n5p,2020-08-08T18:17:49.040Z,"173 km ESE of La Playa, Mexico",earthquake,5.5,1.7,0.032,91,reviewed,us,us
2020-05-15T11:03:27.176Z,38.1689,-117.8497,2.7,6.5,ml,27,55.79,0.357,0.2669,nn,nn00725272,2021-05-15T11:13:44.782Z,"Monte Cristo Range, NV Earthquake",earthquake,,2.1,,,reviewed,nn,nn
2020-05-12T22:41:12.177Z,-12.0665,166.6485,107,6.6,mww,,12,3.403,1.12,us,us70009f12,2020-07-29T22:14:41.040Z,"175 km SSE of Lata, Solomon Islands",earthquake,7.5,1.8,0.05,39,reviewed,us,us
2020-05-07T11:21:20.152Z,-4.4643,154.741,471.17,6.1,mww,,19,2.584,0.84,us,us70009bn4,2020-07-29T22:14:14.040Z,"215 km NNW of Arawa, Papua New Guinea",earthquake,8.9,5.7,0.036,76,reviewed,us,us
2020-05-06T13:53:55.940Z,-6.7761,129.7852,96,6.8,mww,,16,1.921,0.76,us,us70009b14,2021-09-05T02:40:44.390Z,"Banda Sea",earthquake,6.4,1.9,0.065,23,reviewed,us,us
2020-05-02T12:51:05.561Z,34.1818,25.7101,10,6.5,mww,,19,1.293,1.01,us,us700098qd,2020-07-18T21:57:12.040Z,"91 km S of Néa Anatolí, Greece",earthquake,6.7,1.8,0.048,42,reviewed,us,us
2020-04-25T02:53:06.698Z,-6.5337,154.2347,19,6.1,mww,,27,3.109,1.18,us,us60009c06,2020-07-11T22:19:00.040Z,"140 km W of Panguna, Papua New Guinea",earthquake,6.1,1.6,0.043,52,reviewed,us,us
2020-04-19T20:39:05.639Z,38.8953,142.0049,38,6.3,mww,,34,2.025,1.18,us,us7000903m,2021-07-13T23:20:14.856Z,"31 km SE of ?funato, Japan",earthquake,6.5,1.7,0.05,39,reviewed,us,us
2020-04-18T08:25:37.052Z,27.1264,140.1349,453,6.6,mww,,28,1.827,0.85,us,us70008z89,2020-07-09T14:31:24.040Z,"Bonin Islands, Japan region",earthquake,8.6,2,0.045,48,reviewed,us,us
2020-04-16T08:04:37.829Z,16.9591,-85.6851,12,6.1,mww,,30,3.342,0.97,us,us70008xeb,2020-08-10T21:03:14.394Z,"59 km NNE of Savannah Bight, Honduras",earthquake,6.2,1.8,0.035,77,reviewed,us,us
2020-04-14T01:06:47.913Z,-30.3889,-176.3478,31,6,mww,,14,1.785,0.71,us,us70008vsp,2020-06-30T14:03:07.040Z,"Kermadec Islands region",earthquake,7.4,1.8,0.042,54,reviewed,us,us
2020-04-12T06:57:47.541Z,-36.9558,77.393,10,6.1,mww,,23,0.85,0.84,us,us70008um8,2020-06-30T14:03:01.040Z,"Mid-Indian Ridge",earthquake,7.4,1.7,0.045,48,reviewed,us,us
2020-04-05T18:37:10.876Z,1.395,126.4381,42,6,mww,,31,1.115,1.23,us,us70008peg,2020-06-21T00:55:06.040Z,"124 km WNW of Ternate, Indonesia",earthquake,6.6,1.9,0.06,27,reviewed,us,us
2020-03-31T23:52:30.781Z,44.4646,-115.1175,12.06,6.5,mww,,31,0.885,0.66,us,us70008jr5,2021-05-21T15:51:31.615Z,"Stanley, Idaho",earthquake,8.5,3.8,0.021,212,reviewed,us,us
2020-03-26T15:38:04.089Z,5.5669,125.0521,59,6.1,mww,,11,1.582,1.34,us,us70008ghw,2021-05-16T02:09:48.165Z,"27 km SW of Burias, Philippines",earthquake,4.1,1.7,0.038,67,reviewed,us,us
2020-03-25T02:49:21.160Z,48.9638,157.6955,57.8,7.5,mww,,12,4.109,0.66,us,us70008fi4,2020-06-13T18:44:52.040Z,"221 km SSE of Severo-Kuril’sk, Russia",earthquake,5.6,2.7,0.02,239,reviewed,us,us
2020-03-22T22:38:04.810Z,-4.6744,-104.9519,10,6.1,mww,,53,22.978,0.68,us,us70008e91,2020-06-06T20:54:08.040Z,"central East Pacific Rise",earthquake,11.2,1.6,0.039,64,reviewed,us,us
2020-03-18T17:45:39.299Z,-11.0521,115.1378,20.68,6.2,mww,,24,2.743,1.19,us,us60008hzl,2020-06-06T20:53:49.040Z,"249 km S of Nusa Dua, Indonesia",earthquake,7.1,3.1,0.038,65,reviewed,us,us
2020-03-18T03:13:45.742Z,-13.1364,167.0277,176,6.1,mww,,23,2.303,0.8,us,us60008hkg,2020-06-06T20:53:45.040Z,"99 km NW of Sola, Vanuatu",earthquake,8.5,1.8,0.043,51,reviewed,us,us
2020-03-17T16:06:22.370Z,-16.0252,-172.1911,10,6,mww,,42,3.724,0.63,us,us60008h76,2020-05-30T22:17:18.040Z,"171 km E of Hihifo, Tonga",earthquake,7.8,1.8,0.06,27,reviewed,us,us
2020-03-14T10:01:17.118Z,-27.367,-175.6102,11,6.4,mww,,22,2.771,0.8,us,us60008fl8,2020-05-30T22:17:07.040Z,"Kermadec Islands region",earthquake,7.9,1.7,0.048,42,reviewed,us,us
2020-03-06T10:28:42.029Z,-31.368,58.3242,10,6,mww,,19,10.415,0.58,us,us60008ay3,2020-05-23T22:03:30.040Z,"Southwest Indian Ridge",earthquake,4.7,1.7,0.049,40,reviewed,us,us
2020-02-26T07:33:12.952Z,-7.4887,131.1196,54,6,mww,,21,0.521,1.05,us,us600084gu,2020-05-19T22:13:57.040Z,"273 km SW of Tual, Indonesia",earthquake,6.3,1.8,0.057,30,reviewed,us,us
2020-02-23T16:00:31.626Z,38.4958,44.3732,10,6,mww,,18,1.049,0.92,us,us70007v9g,2020-05-09T21:41:14.040Z,"37 km ESE of Özalp, Turkey",earthquake,3.5,1.8,0.05,38,reviewed,us,us
2020-02-13T10:33:44.406Z,45.6161,148.959,143,7,mww,,25,4.501,0.83,us,us70007pa9,2020-05-02T22:09:44.040Z,"95 km ENE of Kuril’sk, Russia",earthquake,7.3,1.9,0.027,131,reviewed,us,us
2020-02-09T06:04:29.967Z,-5.4925,152.1522,34,6.1,mww,,46,1.292,0.99,us,us70007lwy,2020-04-25T22:18:55.040Z,"127 km S of Kokopo, Papua New Guinea",earthquake,6.7,1.8,0.056,31,reviewed,us,us
2020-02-08T14:32:58.625Z,-59.9212,-25.5526,16,6,mww,,85,8.201,0.95,us,us70007lik,2020-04-25T22:18:45.040Z,"South Sandwich Islands region",earthquake,10,1.5,0.046,46,reviewed,us,us
2020-02-06T13:40:05.791Z,5.4543,126.5692,19,6,mww,,44,1.882,1.2,us,us70007jwn,2021-05-16T02:06:35.645Z,"109 km SSE of Pondaguitan, Philippines",earthquake,5.2,1.7,0.046,45,reviewed,us,us
2020-02-05T18:12:37.734Z,-6.0817,113.0778,592.42,6.2,mww,,31,5.479,1.04,us,us70007j6z,2020-04-25T22:17:58.040Z,"113 km NNE of Bangkalan, Indonesia",earthquake,8.3,4.2,0.041,58,reviewed,us,us
2020-01-29T13:49:49.744Z,-10.418,161.2756,85,6,mww,,20,1.63,0.8,us,us60007j2w,2020-04-18T22:09:52.040Z,"70 km W of Kirakira, Solomon Islands",earthquake,6.4,1.8,0.041,57,reviewed,us,us
2020-01-28T21:55:16.450Z,18.9457,-80.7411,10,6.1,mww,,66,3.124,0.85,us,us60007iig,2020-04-11T18:21:04.040Z,"55 km SE of East End, Cayman Islands",earthquake,8.2,1.8,0.098,10,reviewed,us,us
2020-01-28T19:10:24.918Z,19.4193,-78.756,14.86,7.7,mww,,26,1.657,0.75,us,us60007idc,2021-02-03T14:50:33.444Z,"123 km NNW of Lucea, Jamaica",earthquake,6,2.9,0.022,199,reviewed,us,us
2020-01-27T05:02:01.704Z,-10.0929,161.0606,21,6.3,mww,,18,8.012,0.98,us,us60007gyx,2020-04-11T18:20:54.040Z,"102 km WNW of Kirakira, Solomon Islands",earthquake,5.2,1.8,0.043,51,reviewed,us,us
2020-01-26T06:31:55.398Z,51.1338,-179.8892,17,6.1,mww,,21,0.564,1.08,us,us60007g8m,2021-01-25T06:42:11.217Z,"240 km WSW of Adak, Alaska",earthquake,5,1.8,0.033,87,reviewed,us,us
2020-01-24T17:55:14.147Z,38.4312,39.0609,10,6.7,mww,,49,0.87,0.69,us,us60007ewc,2021-03-16T10:18:47.258Z,"13 km N of Do?anyol, Turkey",earthquake,5,1.8,0.043,51,reviewed,us,us
2020-01-23T05:53:02.618Z,51.9836,-177.855,10,6.2,mww,,45,0.117,0.95,us,us60007djn,2021-01-22T06:03:11.674Z,"84 km W of Adak, Alaska",earthquake,2.3,1.8,0.036,76,reviewed,us,us
2020-01-20T06:51:37.818Z,-59.2277,-26.282,93,6.1,mww,,17,15.234,0.71,us,us60007b5x,2020-04-08T19:39:42.040Z,"South Sandwich Islands region",earthquake,9.2,1.8,0.053,34,reviewed,us,us
2020-01-19T16:58:20.002Z,-0.1042,123.8025,121.72,6.1,mww,,22,1.389,0.78,us,us60007arp,2020-04-08T19:39:40.040Z,"108 km SE of Gorontalo, Indonesia",earthquake,6.8,3.6,0.05,39,reviewed,us,us
2020-01-19T13:27:56.630Z,39.8353,77.1084,5.55,6,mww,,22,1.964,0.54,us,us60007anp,2020-04-08T19:39:39.040Z,"104 km ENE of Kashgar, China",earthquake,4.6,3,0.062,25,reviewed,us,us
2020-01-18T16:38:14.301Z,-2.8405,139.3363,44,6,mww,,36,7.079,1.02,us,us60007a3h,2020-04-08T19:39:35.040Z,"146 km W of Abepura, Indonesia",earthquake,4.1,1.9,0.053,34,reviewed,us,us
2020-01-09T08:38:08.278Z,62.358,171.0611,10,6.4,mww,,21,6.048,0.77,us,us70006wuf,2021-08-27T12:01:13.723Z,"Chukotskiy Avtonomnyy Okrug, Russia",earthquake,6.9,1.5,0.052,36,reviewed,us,us
2020-01-07T19:11:35.665Z,-5.2046,151.2659,117,6,mww,,22,1.346,1.03,us,us70006vvr,2020-03-21T17:13:24.040Z,"130 km ENE of Kimbe, Papua New Guinea",earthquake,4.1,1.6,0.052,36,reviewed,us,us
2020-01-07T08:24:25.262Z,17.8686,-66.8266,8.95,6.4,mww,,25,0.117,0.64,us,us70006vll,2021-09-01T16:09:54.606Z,"13 km SSE of Maria Antonia, Puerto Rico",earthquake,2.5,2.1,0.049,40,reviewed,us,us
2020-01-07T06:05:19.759Z,2.3481,96.3575,17,6.3,mww,,33,1.599,0.97,us,us70006vkq,2020-03-21T17:13:08.040Z,"14 km S of Sinabang, Indonesia",earthquake,4.3,1.7,0.043,53,reviewed,us,us
2019-12-25T20:20:12.751Z,-25.2226,-115.8438,10,6.1,mww,,38,6.072,1.15,us,us70006r1g,2020-03-14T22:24:43.040Z,"southern East Pacific Rise",earthquake,10.8,1.8,0.059,28,reviewed,us,us
2019-12-25T03:36:01.626Z,50.6106,-129.963,6.58,6.3,mww,,77,1.853,0.67,us,us70006qt7,2020-03-14T22:25:03.040Z,"203 km W of Port McNeill, Canada",earthquake,7.2,1.3,0.032,95,reviewed,us,us
2019-12-24T19:03:52.492Z,3.5359,-74.0176,11,6,mww,,36,1.335,0.68,us,us70006qnn,2021-01-27T08:14:19.631Z,"1 km NE of Lejanías, Colombia",earthquake,6.5,1.7,0.041,58,reviewed,us,us
2019-12-24T16:43:33.420Z,-26.964,-63.3857,572.44,6,mww,,31,5.13,0.93,us,us70006qk4,2021-02-27T19:53:04.130Z,"16 km WNW of El Hoyo, Argentina",earthquake,9.1,3,0.04,61,reviewed,us,us
2019-12-23T20:56:23.555Z,50.5169,-129.7573,10,6,mww,,99,1.042,1.05,us,us70006q96,2020-03-07T17:47:53.040Z,"189 km W of Port McNeill, Canada",earthquake,5.7,1.8,0.038,66,reviewed,us,us
2019-12-23T19:49:43.086Z,50.6071,-129.9372,10,6,mww,,100,1.149,1.06,us,us70006q8n,2020-03-07T17:47:53.040Z,"201 km W of Port McNeill, Canada",earthquake,4.4,1.8,0.03,106,reviewed,us,us
2019-12-20T11:39:52.874Z,36.5374,70.4555,212,6.1,mww,,18,1.382,0.87,us,us70006p18,2020-07-10T17:55:56.914Z,"49 km SW of Jurm, Afghanistan",earthquake,6.4,1.9,0.058,29,reviewed,us,us
2019-12-15T06:11:51.155Z,6.6969,125.1739,18,6.8,mww,,39,0.546,1.05,us,us60006rp9,2021-05-14T09:47:46.317Z,"7 km S of Magsaysay, Philippines",earthquake,8,1.7,0.051,37,reviewed,us,us
2019-12-14T04:57:34.937Z,-14.3628,167.7089,7.51,6,mww,,25,1.183,1.38,us,us60006rem,2020-07-10T17:37:38.138Z,"56 km SSE of Sola, Vanuatu",earthquake,7.4,3.4,0.058,29,reviewed,us,us
2019-12-06T13:04:46.540Z,-15.2594,-175.1035,10,6,mww,,47,3.488,0.54,us,us60006n19,2020-02-29T19:53:02.040Z,"159 km WNW of Hihifo, Tonga",earthquake,6.5,1.6,0.089,12,reviewed,us,us
2019-12-04T20:10:03.595Z,-19.0677,169.5748,266,6,mww,,20,2.804,0.72,us,us60006m2j,2020-02-29T19:53:03.040Z,"60 km NNE of Isangel, Vanuatu",earthquake,7.3,1.8,0.037,71,reviewed,us,us
2019-12-03T08:46:35.780Z,-18.5042,-70.576,38,6,mww,,82,0.258,1.38,us,us70006fh7,2020-07-10T17:55:35.215Z,"29 km W of Arica, Chile",earthquake,5.5,1.9,0.071,19,reviewed,us,us
2019-12-02T05:01:54.821Z,51.1867,-178.1001,28,6,mww,,57,0.578,1.03,us,us70006f6d,2020-12-01T05:12:04.940Z,"127 km SW of Adak, Alaska",earthquake,4.3,1.8,0.039,63,reviewed,us,us
2019-11-27T07:23:42.383Z,35.7174,23.2284,69,6,mww,,18,1.421,1.02,us,us70006dlt,2020-02-19T18:58:10.040Z,"45 km WNW of Kíssamos, Greece",earthquake,6.5,1.9,0.051,37,reviewed,us,us
2019-11-26T02:54:12.872Z,41.5138,19.5256,22,6.4,mww,,17,0.936,0.61,us,us70006d0m,2021-01-16T12:28:56.303Z,"15 km WSW of Mamurras, Albania",earthquake,4.3,1.8,0.037,72,reviewed,us,us
2019-11-24T00:54:01.053Z,51.3808,-175.5115,20,6.3,mww,,22,0.658,0.95,us,us70006cb6,2020-11-23T01:04:07.912Z,"95 km SE of Adak, Alaska",earthquake,3.9,1.8,0.031,99,reviewed,us,us
2019-11-23T12:11:15.564Z,1.6436,132.8148,5,6.2,mww,,25,4.567,0.94,us,us70006c6w,2020-02-14T22:02:14.040Z,"241 km SE of Tobi Village, Palau",earthquake,6.5,1.7,0.042,54,reviewed,us,us
2019-11-20T23:50:43.955Z,19.4533,101.3558,10,6.2,mww,,15,2.366,0.62,us,us70006ara,2020-07-10T17:53:43.441Z,"43 km WNW of Sainyabuli, Laos",earthquake,6.4,1.7,0.049,40,reviewed,us,us
2019-11-20T08:26:08.017Z,53.128,153.6799,496,6.3,mww,,16,2.421,0.94,us,us70006a9e,2020-02-14T22:02:06.040Z,"264 km NW of Ozernovskiy, Russia",earthquake,8.9,1.9,0.051,37,reviewed,us,us
2019-11-20T04:27:05.252Z,13.8859,-93.2068,15,6.3,mww,,56,1.365,0.79,us,us70006a6q,2021-07-12T23:26:26.672Z,"125 km SW of Puerto Madero, Mexico",earthquake,4.4,1.5,0.032,96,reviewed,us,us
2019-11-14T21:12:54.753Z,1.5361,126.4161,23,6,mww,,18,1.216,1.42,us,us60006bpw,2020-02-07T20:21:07.040Z,"135 km NW of Ternate, Indonesia",earthquake,6.6,1.7,0.061,26,reviewed,us,us
2019-11-14T16:17:40.578Z,1.6213,126.4156,33,7.1,mww,,11,1.271,1.15,us,us60006bjl,2020-10-03T05:38:51.266Z,"141 km NW of Ternate, Indonesia",earthquake,6.1,1.7,0.036,75,reviewed,us,us
2019-11-11T23:03:28.119Z,-18.8625,-175.3675,10,6.2,mww,,17,5.152,0.75,us,us60006adv,2020-02-01T23:22:24.040Z,"147 km W of Neiafu, Tonga",earthquake,6.4,1.7,0.063,24,reviewed,us,us
2019-11-08T10:44:44.338Z,-21.9449,-179.5113,577,6.5,mww,,25,4.765,0.83,us,us6000693m,2020-02-01T23:21:56.040Z,"Fiji region",earthquake,9.2,1.9,0.042,55,reviewed,us,us
2019-11-06T00:39:09.303Z,-13.7208,167.8086,10,6,mww,,36,1.813,1.07,us,us700063sp,2020-07-10T17:52:35.122Z,"Vanuatu",earthquake,8,1.7,0.061,26,reviewed,us,us
2019-11-05T23:17:26.588Z,-13.7988,167.7494,19,6,mww,,38,1.721,0.9,us,us700063rx,2020-07-10T17:52:20.510Z,"23 km ENE of Sola, Vanuatu",earthquake,9.2,1.8,0.065,23,reviewed,us,us
2019-11-05T20:52:01.485Z,-57.9236,-9.3217,10,6.3,mww,,30,14.063,1.42,us,us700063mh,2020-02-01T23:21:37.040Z,"east of the South Sandwich Islands",earthquake,10,1.7,0.048,41,reviewed,us,us
2019-11-04T22:43:32.280Z,-18.5747,-175.272,10,6.6,mww,,48,5.086,0.93,us,us7000635e,2020-01-18T20:00:58.040Z,"136 km W of Neiafu, Tonga",earthquake,8.3,1.8,0.04,61,reviewed,us,us
2019-11-04T21:53:25.320Z,-31.8362,-71.3753,53,6.1,mww,,23,0.707,1.14,us,us70006345,2020-12-18T19:22:01.015Z,"29 km SW of Illapel, Chile",earthquake,4.7,1.8,0.057,30,reviewed,us,us
2019-11-02T18:08:41.113Z,-55.735,-26.2399,8,6.1,mww,,23,6.073,1.3,us,us700062cg,2020-01-18T20:00:55.040Z,"South Sandwich Islands region",earthquake,8.7,1.6,0.05,38,reviewed,us,us
2019-10-31T01:11:19.146Z,6.9098,125.1782,10,6.5,mww,,19,0.428,0.76,us,us700061e9,2021-05-15T04:17:36.340Z,"2 km ENE of Bulatukan, Philippines",earthquake,7,1.7,0.043,51,reviewed,us,us
2019-10-29T01:04:43.879Z,6.7567,125.0082,15,6.6,mww,,24,0.646,0.78,us,us6000645n,2021-05-15T04:07:31.355Z,"10 km NE of Columbio, Philippines",earthquake,5.7,1.8,0.043,52,reviewed,us,us
2019-10-23T16:08:14.497Z,-1.0987,-13.8367,10,6.3,mww,,18,6.716,0.92,us,us70005xr7,2020-01-11T21:26:30.040Z,"north of Ascension Island",earthquake,8.9,1.8,0.063,24,reviewed,us,us
2019-10-21T02:52:29.674Z,-19.0184,169.4883,231,6.4,mww,,23,2.806,0.91,us,us70005wj6,2020-01-03T16:09:41.040Z,"61 km NNE of Isangel, Vanuatu",earthquake,7.1,0.8,0.035,78,reviewed,us,us
2019-10-16T11:37:06.342Z,6.7147,125.007,16.12,6.4,mww,,33,0.668,0.85,us,us70005ulm,2021-05-14T09:57:53.167Z,"7 km ENE of Columbio, Philippines",earthquake,6.4,4.2,0.043,53,reviewed,us,us
2019-10-01T03:56:07.115Z,-55.9278,-122.5586,10,6,mww,,50,27.632,0.8,us,us70005p73,2019-12-27T15:49:34.040Z,"southern East Pacific Rise",earthquake,11.5,1,0.063,24,reviewed,us,us
2019-09-29T15:57:53.236Z,-35.4758,-73.163,11,6.7,mww,,98,1.269,0.65,us,us70005nie,2020-07-10T17:49:14.450Z,"70 km WSW of Constitución, Chile",earthquake,3,1.8,0.04,61,reviewed,us,us
2019-09-29T02:02:51.883Z,5.6756,126.5481,73,6.2,mww,,16,1.686,1.33,us,us70005nbb,2019-12-20T19:03:35.040Z,"86 km SSE of Pondaguitan, Philippines",earthquake,7.2,1.8,0.036,73,reviewed,us,us
2019-09-27T12:05:02.549Z,-30.1733,-177.8625,34,6.1,mww,,18,0.926,0.86,us,us70005mea,2019-12-20T19:03:15.040Z,"Kermadec Islands, New Zealand",earthquake,7.1,1.8,0.046,45,reviewed,us,us
2019-09-26T16:36:18.155Z,-40.8145,-71.9993,129,6.1,mww,,30,0.445,0.79,us,us70005lt4,2021-02-06T20:54:24.047Z,"30 km W of Villa La Angostura, Argentina",earthquake,4.5,1.8,0.058,29,reviewed,us,us
2019-09-25T23:46:43.543Z,-3.4528,128.3699,12.26,6.5,mww,,15,3.909,0.95,us,us70005lfd,2020-07-10T17:48:10.911Z,"33 km NE of Ambon, Indonesia",earthquake,6.2,2.4,0.038,65,reviewed,us,us
2019-09-24T21:19:47.423Z,-33.8212,56.2997,10,6,mww,,16,11.982,0.69,us,us60005n52,2019-12-20T19:02:17.040Z,"Southwest Indian Ridge",earthquake,8.8,1.7,0.049,40,reviewed,us,us
2019-09-24T03:23:40.000Z,19.077,-67.2701,10,6,mw,25,193,0.6299,0.88,pr,pr2019267000,2021-09-08T16:57:55.316Z,"67 km NNW of San Antonio, Puerto Rico",earthquake,3.8,31.61,0.51,25,reviewed,pr,pr
2019-09-19T07:06:33.291Z,-6.0708,111.8422,610,6.1,mww,,19,1.698,0.97,us,us60005kta,2019-12-10T17:26:57.040Z,"81 km NNE of Lasem, Indonesia",earthquake,8.8,2,0.038,66,reviewed,us,us
2019-09-01T15:54:20.392Z,-20.3641,-178.5701,591,6.6,mww,,19,4.121,1.02,us,us70005axg,2019-11-15T17:21:30.040Z,"Fiji region",earthquake,9.9,1.9,0.038,65,reviewed,us,us
2019-08-29T15:07:58.646Z,43.5425,-127.8817,10,6.3,mww,,31,2.678,1.17,us,us700059qh,2021-08-14T16:56:05.720Z,"285 km W of Bandon, Oregon",earthquake,6.9,1.8,0.04,60,reviewed,us,us
2019-08-27T23:55:19.187Z,-60.2152,-26.5801,16,6.6,mww,,19,12.896,0.91,us,us700058yy,2019-11-15T17:18:59.040Z,"South Sandwich Islands region",earthquake,9.1,1.7,0.045,48,reviewed,us,us
2019-08-24T15:51:27.119Z,-14.309,167.1897,115,6,mww,,26,1.131,1.19,us,us700057v4,2019-11-08T22:13:46.040Z,"61 km SW of Sola, Vanuatu",earthquake,8.7,1.8,0.043,53,reviewed,us,us
2019-08-21T14:28:25.652Z,-50.3302,139.324,10,6,mww,,67,9.234,0.66,us,us600057xt,2019-11-08T22:13:37.040Z,"western Indian-Antarctic Ridge",earthquake,7.9,1.7,0.071,19,reviewed,us,us
2019-08-20T13:03:52.633Z,-11.3683,166.2912,37,6,mww,,42,4.15,0.99,us,us600057ee,2020-07-10T17:34:29.511Z,"Santa Cruz Islands",earthquake,7.7,1.9,0.066,22,reviewed,us,us
2019-08-04T10:23:03.726Z,37.7594,141.6031,38,6.3,mww,,32,0.653,0.78,us,us600050if,2020-07-10T17:33:19.457Z,"61 km ENE of Namie, Japan",earthquake,7.3,1.9,0.071,19,reviewed,us,us
2019-08-02T12:03:27.001Z,-7.2822,104.7907,49,6.9,mww,,23,2.839,0.76,us,us60004zhq,2021-09-23T06:59:04.688Z,"152 km SW of Labuan, Indonesia",earthquake,7,1.9,0.043,51,reviewed,us,us
2019-08-02T05:50:55.239Z,-49.7307,-113.8331,10,6,mww,,82,22.79,0.92,us,us60004z9n,2019-10-19T21:42:04.040Z,"southern East Pacific Rise",earthquake,8.5,1.8,0.058,29,reviewed,us,us
2019-08-01T18:28:07.270Z,-34.2364,-72.3102,25,6.8,mww,,35,0.817,0.91,us,us60004yps,2021-08-01T01:48:40.212Z,"96 km SW of San Antonio, Chile",earthquake,5.1,1.8,0.045,48,reviewed,us,us
2019-07-31T15:02:33.853Z,-16.1985,167.9982,181,6.6,mww,,30,6.024,0.99,us,us60004xz4,2019-10-19T21:42:01.040Z,"63 km E of Lakatoro, Vanuatu",earthquake,7.6,1.8,0.038,65,reviewed,us,us
2019-07-27T18:31:07.540Z,33.1492,137.3029,367,6.3,mww,,14,1.691,0.79,us,us60004wjb,2019-10-11T20:12:42.040Z,"138 km ESE of Shing?, Japan",earthquake,7,1.9,0.055,32,reviewed,us,us
2019-07-26T23:37:58.444Z,20.8373,121.9744,9,6,mww,,23,2.138,0.75,us,us60004w8x,2020-07-10T17:31:51.149Z,"43 km N of Basco, Philippines",earthquake,6.4,1.7,0.055,32,reviewed,us,us
2019-07-23T10:33:24.050Z,-61.2867,154.1145,10,6,mww,,36,17.135,0.63,us,us70004r4f,2019-10-11T20:12:22.040Z,"Balleny Islands region",earthquake,11.1,1.7,0.073,18,reviewed,us,us
2019-07-15T08:21:34.171Z,-5.9707,149.4881,42,6.3,mww,,20,3.198,0.88,us,us70004kfs,2020-07-10T17:45:36.711Z,"26 km NNW of Kandrian, Papua New Guinea",earthquake,8.2,1.9,0.038,67,reviewed,us,us
2019-07-14T09:10:51.523Z,-0.5858,128.034,18.98,7.2,mww,,38,1.504,0.88,us,us70004jyv,2020-07-30T13:31:26.346Z,"155 km SSE of Sofifi, Indonesia",earthquake,7.3,3.4,0.049,40,reviewed,us,us
2019-07-14T05:39:23.420Z,-18.2242,120.3584,10,6.6,mww,,32,2.978,0.7,us,us70004jxe,2020-07-10T17:44:37.654Z,"198 km W of Cable Beach, Australia",earthquake,6.5,1.5,0.029,116,reviewed,us,us
2019-07-13T00:57:44.339Z,29.3533,128.1534,251,6.1,mww,,11,2.51,1.19,us,us70004jea,2019-09-28T20:01:16.040Z,"169 km NW of Naze, Japan",earthquake,6.3,1.8,0.033,86,reviewed,us,us
2019-07-11T17:08:37.977Z,-4.6408,155.2241,495.17,6,mww,,26,3.084,0.7,us,us70004icj,2019-09-28T20:01:12.040Z,"179 km NNW of Arawa, Papua New Guinea",earthquake,2.7,3.6,0.045,48,reviewed,us,us
2019-07-07T15:08:40.525Z,0.5126,126.1892,35,6.9,mww,,21,1.205,0.8,us,us70004dz3,2019-09-26T14:30:53.040Z,"136 km WSW of Ternate, Indonesia",earthquake,6.2,1.9,0.043,51,reviewed,us,us
2019-07-06T03:19:53.040Z,35.7695,-117.5993333,8,7.1,mw,77,43,0.04616,0.22,ci,ci38457511,2021-09-23T10:09:44.357Z,"2019 Ridgecrest Earthquake Sequence",earthquake,0.19,31.61,,0,reviewed,ci,ci
2019-07-04T17:33:49.000Z,35.7053333,-117.5038333,10.5,6.4,mw,62,47,0.1233,0.16,ci,ci38443183,2021-06-29T04:14:02.239Z,"Ridgecrest Earthquake Sequence",earthquake,0.15,0.36,,6,reviewed,ci,ci
2019-07-04T04:30:44.424Z,51.2369,-130.5005,10,6.2,mww,,70,1.143,1.01,us,us700049sf,2019-09-26T14:30:08.040Z,"250 km WNW of Port McNeill, Canada",earthquake,6.6,1.8,0.026,143,reviewed,us,us
2019-07-01T17:13:28.400Z,-15.4403,167.531,91,6,mww,,53,6.675,1.11,us,us70004840,2019-09-14T16:08:27.040Z,"40 km ENE of Luganville, Vanuatu",earthquake,8.6,1.9,0.048,41,reviewed,us,us
2019-06-28T15:51:31.302Z,19.8515,144.3477,410,6.4,mww,,26,4.787,1.16,us,us700046la,2021-06-13T16:33:53.176Z,"Maug Islands region, Northern Mariana Islands",earthquake,7.9,1.9,0.043,53,reviewed,us,us
2019-06-27T11:04:56.341Z,-30.3961,-179.182,10,6.3,mww,,43,1.581,1.15,us,us700045vh,2019-09-14T16:08:13.040Z,"Kermadec Islands region",earthquake,7.8,1.7,0.063,24,reviewed,us,us
2019-06-26T05:23:51.514Z,8.4612,-82.754,32.58,6.2,mww,,42,0.337,1.12,us,us7000455l,2021-06-15T06:00:08.303Z,"4 km SE of Aserrío de Gariché, Panama",earthquake,6.1,4,0.031,100,reviewed,us,us
2019-06-26T02:18:07.841Z,56.1821,164.0881,10,6.3,mww,,15,4.473,0.89,us,us7000451w,2020-07-10T17:42:35.738Z,"100 km E of Ust’-Kamchatsk Staryy, Russia",earthquake,7.2,1.7,0.036,74,reviewed,us,us
2019-06-25T09:05:40.478Z,56.202,164.2327,10,6.4,mww,,55,4.546,0.57,us,us600045mz,2020-07-10T17:31:24.456Z,"108 km E of Ust’-Kamchatsk Staryy, Russia",earthquake,6.7,1.8,0.033,90,reviewed,us,us
2019-06-24T02:53:39.830Z,-6.4078,129.1692,212,7.3,mww,,16,2.629,1.08,us,us600044zz,2020-07-10T17:30:11.502Z,"Banda Sea",earthquake,5.1,1.8,0.045,48,reviewed,us,us
2019-06-24T01:05:29.464Z,-2.7756,138.5675,28,6.1,mww,,19,2.15,1.1,us,us600044z4,2020-07-10T17:29:59.301Z,"230 km W of Abepura, Indonesia",earthquake,6.8,1.8,0.048,41,reviewed,us,us
2019-06-21T08:37:16.948Z,-30.8591,-177.4681,14,6.2,mww,,29,1.657,0.74,us,us6000444m,2019-09-11T15:19:24.040Z,"Kermadec Islands, New Zealand",earthquake,8.7,1.8,0.038,67,reviewed,us,us
2019-06-19T17:24:48.803Z,-2.2656,138.461,10,6.3,mww,,58,2.255,0.88,us,us6000434e,2020-07-10T17:29:19.871Z,"244 km W of Abepura, Indonesia",earthquake,6.7,1.8,0.061,26,reviewed,us,us
2019-06-19T07:01:45.433Z,-30.5243,-177.8482,30,6.4,mww,,45,1.276,1.34,us,us600042vn,2019-09-11T15:19:12.040Z,"Kermadec Islands, New Zealand",earthquake,7.6,1.8,0.055,32,reviewed,us,us
2019-06-18T13:22:19.010Z,38.6391,139.4769,12,6.4,mww,,33,1.288,0.87,us,us600042fx,2020-07-10T17:28:53.969Z,"31 km WSW of Tsuruoka, Japan",earthquake,5.5,1.8,0.048,42,reviewed,us,us
2019-06-17T06:02:04.099Z,-30.8389,-177.481,12,6.1,mww,,49,1.635,0.85,us,us600041lv,2019-09-06T14:25:16.040Z,"Kermadec Islands, New Zealand",earthquake,9.7,1.7,0.036,74,reviewed,us,us
2019-06-16T05:17:14.868Z,-31.0004,-178.0819,21,6.3,mww,,35,1.754,0.91,us,us600041b3,2019-09-06T14:25:12.040Z,"Kermadec Islands region",earthquake,9.9,1.8,0.047,43,reviewed,us,us
2019-06-15T22:55:04.130Z,-30.6441,-178.0995,46,7.3,mww,,11,1.402,0.81,us,us6000417i,2019-09-06T14:25:11.040Z,"Kermadec Islands, New Zealand",earthquake,9.1,1.8,0.029,113,reviewed,us,us
2019-06-15T21:56:10.835Z,-21.1807,-174.169,13,6.1,mww,,21,7.582,0.89,us,us60004177,2019-09-06T14:25:11.040Z,"82 km ENE of ‘Ohonua, Tonga",earthquake,8.4,1.7,0.052,36,reviewed,us,us
2019-06-14T00:19:12.401Z,-30.0557,-72.0819,11,6.4,mww,,30,0.727,0.87,us,us600040ja,2020-12-18T19:22:57.753Z,"72 km W of Coquimbo, Chile",earthquake,4.1,1.6,0.035,80,reviewed,us,us
2019-06-04T04:39:16.961Z,29.0665,139.289,422,6.4,mww,,21,3.224,0.85,us,us70003v3j,2019-08-27T17:47:26.040Z,"Izu Islands, Japan region",earthquake,8.4,1.9,0.036,75,reviewed,us,us
2019-06-02T10:36:29.673Z,-21.2068,-173.9096,10,6,mww,,66,4.3,0.69,us,us70003ud5,2019-08-24T21:17:48.040Z,"108 km E of ‘Ohonua, Tonga",earthquake,8.9,1.8,0.048,41,reviewed,us,us
2019-05-31T10:12:32.876Z,6.2795,126.479,98.72,6.1,mww,,26,1.189,0.74,us,us70003tl7,2019-08-24T21:17:39.040Z,"34 km ESE of Pondaguitan, Philippines",earthquake,6.2,4.6,0.048,41,reviewed,us,us
2019-05-30T15:38:01.451Z,-21.7541,-176.3171,177.85,6,mww,,25,6.557,0.82,us,us70003t7v,2019-08-24T21:17:37.040Z,"132 km WSW of Haveluloto, Tonga",earthquake,9.5,3.5,0.046,46,reviewed,us,us
2019-05-30T09:03:32.337Z,13.1994,-89.3056,57.92,6.6,mww,,22,1.193,0.83,us,us70003t2n,2020-07-10T17:41:36.265Z,"32 km S of La Libertad, El Salvador",earthquake,1.7,5.5,0.073,18,reviewed,us,us
2019-05-26T07:41:15.073Z,-5.8119,-75.2697,122.57,8,mww,,17,3.18,0.84,us,us60003sc0,2021-03-05T19:13:06.497Z,"78 km NE of Navarro, Peru",earthquake,7,4,0.036,75,reviewed,us,us
2019-05-23T08:45:17.746Z,51.3078,-178.2387,30,6,mww,,53,0.436,1.05,us,us60003r2r,2019-08-13T14:30:31.040Z,"127 km WSW of Adak, Alaska",earthquake,5.2,1.8,0.021,217,reviewed,us,us
2019-05-19T14:56:50.691Z,-21.6074,169.4692,20,6.3,mww,,75,2.125,1.07,us,us70003n96,2019-08-07T22:03:52.040Z,"164 km E of Tadine, New Caledonia",earthquake,8.2,1.9,0.049,40,reviewed,us,us
2019-05-19T14:27:11.826Z,-21.7313,169.5758,16,6,mww,,53,2.159,1.03,us,us70003n8z,2019-08-07T22:03:52.040Z,"176 km E of Tadine, New Caledonia",earthquake,6.7,1.8,0.052,35,reviewed,us,us
2019-05-19T01:23:29.151Z,-21.6619,169.7779,20,6.3,mww,,18,2.359,1.18,us,us70003n4z,2019-08-07T22:03:50.040Z,"196 km E of Tadine, New Caledonia",earthquake,7.9,1.8,0.042,54,reviewed,us,us
2019-05-14T12:58:25.939Z,-4.051,152.5967,10,7.6,mww,,16,0.453,1,us,us70003kyy,2020-07-07T22:53:37.609Z,"48 km NE of Kokopo, Papua New Guinea",earthquake,3.8,1.6,0.046,45,reviewed,us,us
2019-05-12T19:24:50.373Z,8.625,-82.8298,19,6,mww,,53,0.218,1.09,us,us70003k3p,2021-06-28T15:44:23.702Z,"1 km W of Breñón, Panama",earthquake,5,1.7,0.036,75,reviewed,us,us
2019-05-09T23:48:42.779Z,31.7772,131.8483,22,6.2,mww,,17,1.575,0.67,us,us70003j46,2020-07-07T22:53:25.325Z,"43 km ESE of Miyazaki, Japan",earthquake,5,1.8,0.055,32,reviewed,us,us
2019-05-06T21:19:37.983Z,-6.9746,146.4494,146,7.1,mww,,16,2.514,1.02,us,us70003hqb,2020-07-10T17:40:18.038Z,"32 km NW of Bulolo, Papua New Guinea",earthquake,6.6,1.6,0.032,93,reviewed,us,us
2019-05-03T07:25:31.787Z,-6.9478,160.1125,27,6.2,mww,,35,2.48,0.66,us,us70003g5a,2019-07-25T18:54:11.040Z,"144 km NNE of Buala, Solomon Islands",earthquake,8.1,1.8,0.044,50,reviewed,us,us
2019-04-29T14:19:52.499Z,10.8649,57.2283,10,6.3,mww,,47,12.379,1.1,us,us70003e0j,2019-07-13T18:42:52.040Z,"Carlsberg Ridge",earthquake,8.3,1.8,0.059,28,reviewed,us,us
2019-04-23T14:20:17.830Z,-24.7059,-178.7639,385.58,6,mww,,34,7.535,0.97,us,us70003an0,2019-07-13T18:42:35.040Z,"south of the Fiji Islands",earthquake,7.4,3.7,0.049,40,reviewed,us,us
2019-04-23T05:37:53.147Z,11.7547,125.2013,56,6.4,mww,,15,4.67,1.07,us,us70003aj3,2021-05-06T05:34:27.306Z,"17 km ESE of Tutubigan, Philippines",earthquake,7,1.9,0.042,54,reviewed,us,us
2019-04-22T14:49:05.341Z,-56.2633,-27.3509,79,6,mww,,30,5.587,0.74,us,us70003a91,2019-06-26T20:55:14.040Z,"South Sandwich Islands region",earthquake,9.5,1.9,0.053,34,reviewed,us,us
2019-04-22T09:11:12.013Z,14.9538,120.5149,21.84,6.1,mww,,20,0.94,1.01,us,us70003a63,2021-04-01T21:05:31.352Z,"3 km WSW of San Francisco, Philippines",earthquake,6.3,3.7,0.035,77,reviewed,us,us
2019-04-18T14:46:01.733Z,-51.127,139.321,10,6.3,mww,,44,9.863,1.39,us,us700038m1,2019-06-26T20:54:51.040Z,"western Indian-Antarctic Ridge",earthquake,10.1,1.8,0.049,40,reviewed,us,us
2019-04-18T05:01:06.493Z,24.0374,121.6501,20,6.1,mww,,23,0.144,1.15,us,us700038c1,2020-07-10T17:38:53.068Z,"8 km NE of Hualien City, Taiwan",earthquake,7,1.8,0.051,37,reviewed,us,us
2019-04-12T14:51:31.603Z,-6.4883,148.7394,30,6,mww,,17,3.293,0.97,us,us700034zz,2019-06-20T19:03:25.040Z,"94 km WSW of Kandrian, Papua New Guinea",earthquake,6.5,1.6,0.073,18,reviewed,us,us
2019-04-12T12:23:04.870Z,-15.4067,-172.8171,15.36,6,mww,,29,1.796,0.9,us,us700034ya,2019-06-20T19:03:24.040Z,"121 km ENE of Hihifo, Tonga",earthquake,8.6,3.5,0.08,15,reviewed,us,us
2019-04-12T11:40:49.363Z,-1.8146,122.5798,15.46,6.8,mww,,28,0.791,1.16,us,us700034xq,2020-07-10T17:38:26.662Z,"Sulawesi, Indonesia",earthquake,2,2.8,0.056,31,reviewed,us,us
2019-04-11T08:18:21.380Z,40.4096,143.2985,18,6,mww,,50,1.607,0.66,us,us700034d3,2019-06-20T19:03:16.040Z,"143 km NE of Miyako, Japan",earthquake,5.7,1.8,0.062,25,reviewed,us,us
2019-04-09T17:53:58.423Z,-58.6262,-25.304,38,6.5,mww,,18,7.568,1.08,us,us600032fg,2019-06-20T19:03:09.040Z,"South Sandwich Islands region",earthquake,8.2,1.8,0.049,40,reviewed,us,us
2019-04-06T21:55:01.660Z,-6.8285,125.0416,539,6.3,mww,,20,3.007,0.93,us,us2000kbi1,2019-06-19T23:26:40.987Z,"197 km N of Likisá, Timor Leste",earthquake,8.8,1.9,0.034,84,reviewed,us,us
2019-04-05T16:14:16.716Z,-55.9308,-27.8522,57,6.4,mww,,31,5.225,0.86,us,us2000kav9,2019-06-18T15:50:26.040Z,"South Sandwich Islands region",earthquake,8.5,1.8,0.047,44,reviewed,us,us
2019-04-02T21:35:30.049Z,52.1702,178.0709,7.98,6.4,mww,,19,1.94,0.55,us,us2000k9d7,2021-09-07T05:57:42.475Z,"Rat Islands, Aleutian Islands, Alaska",earthquake,6.4,2.5,0.031,101,reviewed,us,us
2019-04-01T18:39:05.857Z,-18.2058,65.3656,10,6,mww,,65,9.535,1.17,us,us2000k8ri,2021-09-02T14:55:48.134Z,"262 km NE of Port Mathurin, Mauritius",earthquake,8.1,1.8,0.06,27,reviewed,us,us
2019-03-31T07:04:04.795Z,-1.9446,-80.8101,18,6.2,mww,,36,1.635,0.83,us,us2000k7vu,2020-07-10T17:27:10.016Z,"31 km N of Santa Elena, Ecuador",earthquake,6.8,1.8,0.034,81,reviewed,us,us
2019-03-30T11:20:42.559Z,-5.7003,151.1053,41,6.2,mww,,25,1.832,0.87,us,us2000k7ks,2020-07-10T17:26:58.353Z,"108 km E of Kimbe, Papua New Guinea",earthquake,7.4,1.9,0.052,35,reviewed,us,us
2019-03-28T22:06:49.401Z,50.4951,159.943,9,6.2,mww,,17,2.656,0.81,us,us2000k6u4,2019-06-08T20:51:21.040Z,"266 km ESE of Ozernovskiy, Russia",earthquake,5.3,1.6,0.039,64,reviewed,us,us
2019-03-24T04:37:35.918Z,1.6601,126.3955,45,6.1,mww,,30,1.312,1.38,us,us1000jkwi,2019-06-06T18:54:22.040Z,"146 km NW of Ternate, Indonesia",earthquake,5.8,1.9,0.043,53,reviewed,us,us
2019-03-23T19:21:17.998Z,4.5595,-76.223,122,6.1,mww,,20,1.916,1.09,us,us1000jkrq,2020-07-10T16:04:59.985Z,"3 km WSW of Versalles, Colombia",earthquake,5.4,1.8,0.057,30,reviewed,us,us
2019-03-20T15:23:58.680Z,-15.5965,167.6551,119,6.3,mww,,21,6.542,0.87,us,us1000jj9r,2020-07-10T16:04:35.175Z,"53 km E of Luganville, Vanuatu",earthquake,5.9,1.8,0.036,76,reviewed,us,us
2019-03-15T05:03:50.060Z,-17.8744,-65.9072,359,6.3,mww,,23,2.648,0.95,us,us1000jg5z,2019-06-01T21:24:15.040Z,"31 km SSE of Tarata, Bolivia",earthquake,6.8,1.9,0.03,108,reviewed,us,us
2019-03-10T12:48:00.607Z,-10.1317,152.0647,9,6,mww,,35,4.888,0.75,us,us1000jd7d,2019-05-24T21:21:26.040Z,"162 km ENE of Samarai, Papua New Guinea",earthquake,7.1,1.8,0.039,64,reviewed,us,us
2019-03-10T08:12:26.426Z,-17.8915,-178.6034,578.19,6.2,mww,,19,3.188,1.03,us,us1000jd55,2019-05-24T21:21:26.040Z,"221 km E of Levuka, Fiji",earthquake,9.4,3.2,0.06,27,reviewed,us,us
2019-03-08T15:06:12.620Z,10.384,126.006,30,6,mww,,102,3.32,0.92,us,us1000jccx,2019-05-24T21:21:17.040Z,"40 km N of Santa Monica, Philippines",earthquake,8.5,1.7,0.043,51,reviewed,us,us
2019-03-06T15:46:14.900Z,-32.0238,-177.8845,29,6.4,mww,,29,7.868,0.92,us,us1000jb8d,2019-05-24T21:21:08.040Z,"south of the Kermadec Islands",earthquake,10.1,1.8,0.039,64,reviewed,us,us
2019-03-01T08:50:42.591Z,-14.7131,-70.1546,267,7,mww,,42,2.501,1.13,us,us1000j96d,2021-04-07T02:19:45.001Z,"22 km NNE of Azángaro, Peru",earthquake,7.6,1.9,0.033,87,reviewed,us,us
2019-02-22T10:17:23.770Z,-2.1862,-77.0505,145,7.5,mww,,15,2.045,1.12,us,us2000jlfv,2020-07-07T22:52:36.277Z,"115 km ESE of Palora, Ecuador",earthquake,6.2,1.8,0.026,144,reviewed,us,us
2019-02-17T14:35:55.840Z,-3.3412,152.1319,368.12,6.4,mww,,23,0.845,1.39,us,us2000jj68,2019-05-01T22:00:58.040Z,"95 km N of Rabaul, Papua New Guinea",earthquake,8.8,3.3,0.04,60,reviewed,us,us
2019-02-14T19:57:04.980Z,35.4267,-36.0378,10,6.2,mww,,32,8.771,0.8,us,us2000ji4e,2019-05-01T22:00:44.040Z,"northern Mid-Atlantic Ridge",earthquake,9.3,1.8,0.034,83,reviewed,us,us
2019-02-12T12:34:16.500Z,19.02,145.7965,144.32,6,mww,,21,3.758,0.84,us,us2000jgma,2021-01-27T22:34:48.045Z,"Maug Islands region, Northern Mariana Islands",earthquake,4.8,4.2,0.046,46,reviewed,us,us
2019-02-02T09:27:36.030Z,-2.8462,100.0743,20,6,mww,,38,3.245,0.72,us,us2000jcbz,2020-07-10T17:24:14.302Z,"170 km WSW of Sungai Penuh, Indonesia",earthquake,6.7,1.8,0.073,18,reviewed,us,us
2019-02-01T16:14:12.329Z,14.6802,-92.4527,66,6.7,mww,,43,0.289,1.36,us,us2000jbub,2021-09-23T02:41:13.397Z,"5 km SW of Puerto Madero, Mexico",earthquake,5.7,1.8,0.065,23,reviewed,us,us
2019-01-26T19:56:44.070Z,-21.0475,-178.9592,588,6.2,mww,,17,4.329,0.86,us,us2000j98z,2019-04-12T17:15:29.040Z,"Fiji region",earthquake,9.1,1.9,0.051,37,reviewed,us,us
2019-01-26T03:51:37.870Z,-7.0089,156.3207,355,6.2,mww,,13,4.326,1.21,us,us2000j92w,2021-09-02T14:51:23.659Z,"116 km SE of Kieta, Papua New Guinea",earthquake,8.3,1.9,0.048,41,reviewed,us,us
2019-01-22T19:01:43.580Z,-43.1219,42.3568,13,6.7,mww,,17,7.527,0.72,us,us2000j7dn,2019-04-12T17:14:02.040Z,"Prince Edward Islands region",earthquake,4.9,1.7,0.04,61,reviewed,us,us
2019-01-22T05:10:03.480Z,-10.4148,119.0165,24,6.3,mww,,32,3.635,1.33,us,us2000j73a,2019-04-12T17:13:49.040Z,"160 km WSW of Waingapu, Indonesia",earthquake,5.4,1.8,0.046,46,reviewed,us,us
2019-01-21T23:59:23.860Z,-10.3278,119.1521,26,6,mww,,41,3.477,1.18,us,us2000j70q,2019-04-05T21:41:02.040Z,"142 km WSW of Waingapu, Indonesia",earthquake,6.2,1.8,0.039,64,reviewed,us,us
2019-01-20T01:32:52.480Z,-30.0404,-71.3815,63,6.7,mww,,22,0.173,1.47,us,us2000j6hy,2021-07-06T06:36:50.045Z,"10 km SSW of Coquimbo, Chile",earthquake,5.8,1.8,0.036,73,reviewed,us,us
2019-01-18T13:18:31.030Z,-19.2036,168.7446,38.67,6,mww,,19,3.575,0.76,us,us2000j5qu,2019-04-05T21:41:00.040Z,"67 km WNW of Isangel, Vanuatu",earthquake,7.7,3.4,0.048,42,reviewed,us,us
2019-01-17T15:06:35.650Z,-3.2307,146.3889,10,6.2,mww,,40,1.531,1.01,us,us2000j545,2019-04-05T21:40:59.040Z,"164 km SW of Lorengau, Papua New Guinea",earthquake,6.2,1.7,0.047,43,reviewed,us,us
2019-01-15T18:06:34.300Z,-13.336,166.8752,35,6.6,mww,,18,7.818,0.75,us,us2000j468,2021-09-02T11:11:45.607Z,"94 km NW of Sola, Vanuatu",earthquake,8.2,1.9,0.038,66,reviewed,us,us
2019-01-08T12:39:30.950Z,30.5872,131.0441,35,6.3,mww,,26,2.534,0.83,us,us2000j1d4,2020-07-10T17:22:33.583Z,"16 km SSE of Nishinoomote, Japan",earthquake,6,1.8,0.051,37,reviewed,us,us
2019-01-06T17:27:18.980Z,2.258,126.758,43.21,6.6,mww,,33,1.596,0.87,us,us2000j0uj,2019-03-08T17:50:17.040Z,"Molucca Sea",earthquake,6.7,3.6,0.038,68,reviewed,us,us
2019-01-05T19:25:38.520Z,-8.144,-71.587,570.41,6.8,mww,,16,1.181,1.15,us,us2000j0ja,2019-03-08T17:50:16.040Z,"90 km W of Tarauacá, Brazil",earthquake,7.1,2.7,0.049,40,reviewed,us,us
2018-12-31T02:35:37.670Z,54.4266,-161.5131,31,6,mww,,44,0.92,1.14,us,us2000izcv,2021-05-25T02:53:40.791Z,"87 km SE of King Cove, Alaska",earthquake,4.2,1.8,0.033,89,reviewed,us,us
2018-12-29T03:39:09.740Z,5.8983,126.9209,60.21,7,mww,,21,1.769,1.45,us,us2000iyta,2021-05-14T10:00:23.756Z,"96 km ESE of Pondaguitan, Philippines",earthquake,6.1,3.2,0.038,67,reviewed,us,us
2018-12-24T12:41:19.250Z,55.3439,164.5099,10,6.1,mww,,30,4.153,0.77,us,us2000ix3y,2019-03-05T17:46:31.040Z,"161 km SE of Ust’-Kamchatsk Staryy, Russia",earthquake,7,1.8,0.042,54,reviewed,us,us
2018-12-23T23:08:43.440Z,-20.2855,-175.071,113,6.4,mww,,20,4.993,0.89,us,us2000iwvb,2020-07-10T17:20:33.794Z,"91 km SW of Pangai, Tonga",earthquake,7.8,1.8,0.053,34,reviewed,us,us
2018-12-22T14:25:01.180Z,-13.4,166.8151,42,6,mww,,33,2.069,1.11,us,us2000iwat,2019-02-23T20:22:28.040Z,"95 km WNW of Sola, Vanuatu",earthquake,7.1,1.9,0.043,53,reviewed,us,us
2018-12-20T17:01:55.150Z,55.0999,164.6993,16.56,7.3,mww,,23,4.126,0.79,us,us2000ivfw,2019-02-23T20:21:43.040Z,"187 km SE of Ust’-Kamchatsk Staryy, Russia",earthquake,7.9,2.9,0.025,155,reviewed,us,us
2018-12-19T01:37:40.500Z,-36.1378,-101.0723,10,6.3,mww,,25,11.408,1.16,us,us2000iuya,2019-02-23T20:21:27.040Z,"southeast of Easter Island",earthquake,5.6,1.7,0.057,30,reviewed,us,us
2018-12-16T09:42:37.200Z,-3.9226,140.2323,61.97,6.1,mww,,14,7.364,0.93,us,us2000iu2u,2020-07-10T17:18:57.393Z,"153 km SSW of Abepura, Indonesia",earthquake,3,3.8,0.045,48,reviewed,us,us
2018-12-12T13:13:56.180Z,-55.6687,-128.6641,10,6.3,mww,,106,30.107,1.02,us,us2000isw3,2019-02-16T22:29:06.040Z,"Pacific-Antarctic Ridge",earthquake,14,1.9,0.051,37,reviewed,us,us
2018-12-11T02:26:29.420Z,-58.5446,-26.3856,133,7.1,mww,,20,7.043,0.92,us,us2000isc8,2019-02-16T22:29:03.040Z,"South Sandwich Islands region",earthquake,9.8,1.9,0.029,113,reviewed,us,us
2018-12-05T06:43:04.130Z,-22.0629,169.7331,10,6.6,mww,,31,2.679,0.97,us,us1000i2k0,2019-02-16T19:52:21.040Z,"199 km ESE of Tadine, New Caledonia",earthquake,7.9,1.8,0.044,50,reviewed,us,us
2018-12-05T04:18:08.420Z,-21.9496,169.4266,10,7.5,mww,,18,2.405,0.74,us,us1000i2gt,2020-07-10T16:02:03.872Z,"166 km ESE of Tadine, New Caledonia",earthquake,5.1,1.5,0.047,44,reviewed,us,us
2018-12-05T04:14:36.490Z,-22.0161,169.3495,10,6.3,mb,,19,2.696,0.73,us,us1000i2gr,2019-02-16T19:52:20.040Z,"160 km ESE of Tadine, New Caledonia",earthquake,7.4,1.7,0.035,317,reviewed,us,us
2018-12-01T13:27:21.080Z,-7.3841,128.7065,136,6.4,mww,,20,2.637,0.93,us,us1000hzjp,2019-06-17T12:06:37.199Z,"226 km NE of Lospalos, Timor Leste",earthquake,7.2,1.9,0.043,52,reviewed,us,us
2018-11-30T17:29:29.330Z,61.3464,-149.9552,46.7,7.1,mw,,,,1.04,ak,ak018fcnsk91,2020-11-14T22:34:56.488Z,"1 km SE of Point MacKenzie, Alaska",earthquake,,0.1,,,reviewed,ak,ak
2018-11-25T16:37:32.830Z,34.3609,45.7443,18,6.3,mww,,22,0.754,0.86,us,us1000hwdw,2020-07-10T16:01:10.428Z,"15 km SW of Sarpol-e Z?ah?b, Iran",earthquake,5.7,1.8,0.059,28,reviewed,us,us
2018-11-25T03:40:50.810Z,13.1817,-81.0931,10,6,mww,,25,0.326,0.94,us,us1000hwaj,2020-07-10T16:00:56.718Z,"36 km SE of Mountain, Colombia",earthquake,6.4,1.8,0.045,47,reviewed,us,us
2018-11-18T20:25:46.590Z,-17.8735,-178.9273,540,6.8,mww,,39,2.879,1.3,us,us1000htm5,2019-01-30T18:36:21.040Z,"187 km E of Levuka, Fiji",earthquake,8.1,1.9,0.038,65,reviewed,us,us
2018-11-16T03:26:55.640Z,-10.5383,163.1676,10,6.2,mww,,25,3.354,1.18,us,us1000hsie,2019-01-30T18:36:21.040Z,"136 km E of Kirakira, Solomon Islands",earthquake,8.4,1.8,0.05,39,reviewed,us,us
2018-11-15T23:09:01.060Z,-56.2363,-122.0441,10,6.3,mww,,16,27.209,0.87,us,us1000hsfz,2019-01-30T18:36:21.040Z,"southern East Pacific Rise",earthquake,10.1,1.7,0.06,27,reviewed,us,us
2018-11-15T20:02:22.920Z,-56.7065,-25.546,15,6.4,mww,,26,6.674,0.76,us,us1000hsaf,2019-01-30T18:36:22.040Z,"South Sandwich Islands region",earthquake,9.2,1.7,0.05,39,reviewed,us,us
2018-11-14T21:21:50.870Z,55.6414,161.9943,49,6.1,mww,,17,3.273,0.72,us,us1000hrv1,2019-01-30T18:36:20.040Z,"71 km SSW of Ust’-Kamchatsk Staryy, Russia",earthquake,7,1.8,0.051,37,reviewed,us,us
2018-11-11T14:03:59.560Z,15.5653,-49.8719,10,6.3,mww,,50,9.69,0.65,us,us1000hqkp,2019-01-21T16:42:55.040Z,"North Atlantic Ocean",earthquake,9.2,1.9,0.048,42,reviewed,us,us
2018-11-10T08:33:21.140Z,-20.4538,-174.0081,35,6.1,mww,,84,4.08,1.26,us,us1000hq85,2019-01-21T16:42:51.040Z,"79 km SSE of Pangai, Tonga",earthquake,8.4,1.9,0.063,24,reviewed,us,us
2018-11-09T01:49:40.050Z,71.6312,-11.2431,10,6.7,mww,,19,7.853,0.94,us,us1000hpim,2019-01-21T16:42:56.040Z,"120 km NW of Olonkinbyen, Svalbard and Jan Mayen",earthquake,6.9,1.8,0.034,81,reviewed,us,us
2018-11-04T07:55:29.280Z,7.7599,123.867,600.71,6,mww,,22,1.831,0.6,us,us2000i6mv,2019-01-21T14:29:46.040Z,"10 km SSE of Sapad, Philippines",earthquake,8.9,3.3,0.036,74,reviewed,us,us
2018-11-02T11:01:15.880Z,47.8334,146.6972,433,6,mww,,24,2.813,0.82,us,us2000i5tk,2019-01-21T14:29:44.040Z,"298 km E of Dolinsk, Russia",earthquake,8.7,1.9,0.056,31,reviewed,us,us
2018-11-01T22:19:51.690Z,-19.5827,-69.2656,102,6.2,mww,,17,0.108,1.15,us,us2000i5mj,2021-05-17T01:57:32.509Z,"115 km NE of Iquique, Chile",earthquake,5.4,1.8,0.048,41,reviewed,us,us
2018-10-30T02:13:39.480Z,-39.057,174.9584,225.48,6.1,mww,,21,0.549,0.87,us,us1000hiup,2019-01-21T14:29:39.040Z,"62 km E of Waitara, New Zealand",earthquake,6.4,3.1,0.043,53,reviewed,us,us
2018-10-29T06:54:21.250Z,-57.434,-66.3834,10,6.3,mww,,13,2.603,0.79,us,us1000hied,2019-01-21T14:29:37.040Z,"Drake Passage",earthquake,6.8,1.7,0.037,72,reviewed,us,us
2018-10-28T22:23:53.420Z,13.0346,-90.3687,22,6.1,mww,,56,1.282,0.86,us,us1000hib5,2019-01-10T17:18:41.040Z,"85 km SW of Acajutla, El Salvador",earthquake,6.7,1.8,0.036,76,reviewed,us,us
2018-10-25T22:54:52.630Z,37.5203,20.5565,14,6.8,mww,,15,2.268,0.82,us,us1000hhb1,2020-07-10T15:59:46.614Z,"32 km SW of Lithakiá, Greece",earthquake,4.9,1.7,0.043,51,reviewed,us,us
2018-10-22T06:22:48.120Z,49.297,-129.7237,10,6.5,mww,,68,1.692,0.71,us,us1000hfh3,2019-01-10T17:18:33.040Z,"237 km SW of Port McNeill, Canada",earthquake,3.3,1.7,0.071,19,reviewed,us,us
2018-10-22T06:16:26.450Z,49.3346,-129.289,10,6.8,mww,,36,1.505,1.09,us,us1000hfgv,2020-08-15T02:48:52.834Z,"210 km SW of Port McNeill, Canada",earthquake,6,1.8,0.042,55,reviewed,us,us
2018-10-22T05:39:39.590Z,49.2586,-129.4124,10,6.5,mww,,63,1.611,0.94,us,us1000hfgn,2019-01-10T17:18:33.040Z,"223 km SW of Port McNeill, Canada",earthquake,4.4,1.5,0.046,46,reviewed,us,us
2018-10-16T01:03:43.580Z,-21.7427,169.5217,17,6.5,mww,,22,2.109,0.76,us,us1000hclz,2018-12-21T22:27:01.040Z,"171 km E of Tadine, New Caledonia",earthquake,7.2,1.6,0.046,45,reviewed,us,us
2018-10-16T00:28:13.060Z,-21.9232,169.4869,12,6.3,mww,,19,2.01,1.33,us,us1000hcln,2018-12-21T22:27:01.040Z,"171 km ESE of Tadine, New Caledonia",earthquake,7.1,1.7,0.054,33,reviewed,us,us
2018-10-13T11:10:22.400Z,52.8549,153.2429,461,6.7,mww,,17,2.705,0.74,us,us1000hbkz,2018-12-21T21:15:51.040Z,"269 km WNW of Ozernovskiy, Russia",earthquake,6.5,1.9,0.033,89,reviewed,us,us
2018-10-10T23:16:02.130Z,49.2902,156.2968,20,6.5,mww,,14,3.923,0.64,us,us1000hacw,2018-12-21T21:15:49.040Z,"154 km S of Severo-Kuril’sk, Russia",earthquake,7.4,1.8,0.053,34,reviewed,us,us
2018-10-10T22:00:34.500Z,-4.9624,151.7231,121,6.2,mww,,12,0.883,0.96,us,us1000habl,2020-07-10T15:59:12.668Z,"91 km SW of Kokopo, Papua New Guinea",earthquake,5,1.8,0.046,46,reviewed,us,us
2018-10-10T20:48:20.100Z,-5.7012,151.2046,39,7,mww,,18,1.778,1.1,us,us1000haa3,2020-07-10T15:58:27.324Z,"119 km E of Kimbe, Papua New Guinea",earthquake,7.2,1.9,0.056,31,reviewed,us,us
2018-10-10T20:45:25.300Z,-5.7433,151.3533,41.56,6.1,mb,,20,1.74,0.95,us,us1000ha9t,2020-07-10T15:58:15.884Z,"136 km E of Kimbe, Papua New Guinea",earthquake,6.6,3.7,0.034,338,reviewed,us,us
2018-10-10T18:44:55.280Z,-7.4525,114.4553,9,6,mww,,27,1.054,1.15,us,us1000ha6q,2020-07-10T15:58:03.845Z,"49 km NE of Panji, Indonesia",earthquake,5.8,1.7,0.041,58,reviewed,us,us
2018-10-09T07:45:11.640Z,49.3959,156.2425,19,6.1,mww,,57,3.828,0.89,us,us1000h97j,2018-12-21T21:15:47.040Z,"142 km S of Severo-Kuril’sk, Russia",earthquake,6.5,1.7,0.059,28,reviewed,us,us
2018-10-01T23:59:42.740Z,-10.5585,120.2424,29,6,mww,,19,2.742,1.32,us,us1000h5eg,2020-07-10T15:57:14.369Z,"99 km S of Waingapu, Indonesia",earthquake,5.3,1.9,0.047,44,reviewed,us,us
2018-09-30T10:52:23.010Z,-18.3604,-178.0633,550,6.7,mww,,23,3.745,1.07,us,us1000h4l1,2018-12-01T16:43:37.040Z,"279 km E of Levuka, Fiji",earthquake,7.6,1.9,0.04,60,reviewed,us,us
2018-09-28T10:02:45.250Z,-0.2559,119.8462,20,7.5,mww,,13,1.649,1,us,us1000h3p4,2021-09-21T15:19:07.893Z,"72 km N of Palu, Indonesia",earthquake,5.8,1.8,0.05,39,reviewed,us,us
2018-09-28T06:59:59.740Z,-0.4009,119.7705,4.99,6.1,mww,,33,1.81,0.95,us,us1000h3mf,2021-02-16T21:31:47.577Z,"57 km NNW of Palu, Indonesia",earthquake,5.8,3.5,0.071,19,reviewed,us,us
2018-09-18T07:27:41.320Z,-37.8135,49.7765,10,6,mww,,22,8.748,1.05,us,us2000hg93,2018-11-27T15:51:58.040Z,"Southwest Indian Ridge",earthquake,8.7,1.7,0.047,43,reviewed,us,us
2018-09-16T21:11:48.820Z,-25.415,178.1991,576,6.5,mww,,18,5.139,0.75,us,us2000hfjk,2018-11-21T18:19:13.040Z,"south of the Fiji Islands",earthquake,9.3,1.9,0.06,27,reviewed,us,us
2018-09-10T19:31:37.420Z,-21.988,170.1584,12,6.3,mww,,29,2.587,1.02,us,us2000hc1x,2018-11-21T18:19:08.040Z,"240 km ESE of Tadine, New Caledonia",earthquake,8.7,1.6,0.036,74,reviewed,us,us
2018-09-10T04:19:02.630Z,-31.7447,-179.3728,115,6.9,mww,,18,2.785,0.97,us,us2000hbpv,2018-11-21T18:19:07.040Z,"Kermadec Islands region",earthquake,8.7,1.8,0.034,83,reviewed,us,us
2018-09-09T19:31:35.090Z,-10.0207,161.5025,68,6.5,mww,,25,1.638,0.97,us,us2000hbk9,2020-07-10T17:17:14.887Z,"66 km NW of Kirakira, Solomon Islands",earthquake,7.5,1.9,0.035,77,reviewed,us,us
2018-09-08T07:16:49.620Z,7.2377,126.4779,10,6.2,mww,,30,0.907,0.92,us,us2000haxi,2021-05-14T10:00:53.178Z,"7 km WNW of Manay, Philippines",earthquake,6.1,1.8,0.043,52,reviewed,us,us
2018-09-07T02:12:06.280Z,-2.2532,-78.7903,110.5,6.2,mww,,26,1.541,0.95,us,us2000ha13,2020-07-10T17:16:16.589Z,"8 km SE of Alausí, Ecuador",earthquake,6.7,1.8,0.043,51,reviewed,us,us
2018-09-06T15:49:18.710Z,-18.4743,179.3502,670.81,7.9,mww,,12,1.431,1.07,us,us2000h9e2,2021-08-31T18:40:47.828Z,"45 km S of Levuka, Fiji",earthquake,9.5,2.8,0.025,157,reviewed,us,us
2018-09-05T18:07:59.150Z,42.6861,141.9294,35,6.6,mww,,32,1.13,0.74,us,us2000h8ty,2021-08-31T02:38:35.935Z,"27 km ESE of Chitose, Japan",earthquake,6.5,1.9,0.062,25,reviewed,us,us
2018-08-29T03:51:56.100Z,-22.0295,170.1262,21.43,7.1,mww,,23,2.548,0.98,us,us1000gjaz,2018-11-07T18:37:04.040Z,"238 km ESE of Tadine, New Caledonia",earthquake,5.8,2.8,0.049,40,reviewed,us,us
2018-08-28T22:35:13.410Z,16.8044,146.8395,55,6.4,mww,,15,1.854,0.94,us,us1000gj78,2018-11-07T18:37:03.040Z,"211 km NNE of Saipan, Northern Mariana Islands",earthquake,7.8,1.9,0.05,39,reviewed,us,us
2018-08-28T07:08:11.360Z,-10.773,124.1871,14,6.2,mww,,74,1.014,1.4,us,us1000gii0,2021-09-16T11:00:03.077Z,"92 km SE of Kupang, Indonesia",earthquake,8.9,1.8,0.053,34,reviewed,us,us
2018-08-25T22:13:25.620Z,34.6111,46.2422,10,6,mww,,28,0.662,0.79,us,us1000ghda,2020-07-10T15:54:44.647Z,"32 km SW of Jav?nr?d, Iran",earthquake,6,1.8,0.065,23,reviewed,us,us
2018-08-24T09:04:08.250Z,-11.0355,-70.8284,630,7.1,mww,,12,3.77,0.99,us,us1000ggj4,2021-07-01T05:47:42.118Z,"136 km W of Iñapari, Peru",earthquake,9.1,1.9,0.055,32,reviewed,us,us
2018-08-23T03:35:12.270Z,51.35,-177.7604,20,6.3,mww,,34,0.466,0.76,us,us1000gfvg,2021-02-19T18:12:17.400Z,"97 km SW of Adak, Alaska",earthquake,4.7,1.8,0.045,47,reviewed,us,us
2018-08-22T09:31:45.530Z,43.5637,-127.7166,10,6.2,mww,,67,2.668,0.73,us,us1000gf8u,2019-08-29T15:45:28.639Z,"272 km W of Bandon, Oregon",earthquake,7.1,1.8,0.031,97,reviewed,us,us
2018-08-21T22:32:26.470Z,-16.0315,168.1428,9,6.5,mww,,10,4.797,0.74,us,us1000gf2g,2020-07-10T15:53:51.223Z,"78 km E of Lakatoro, Vanuatu",earthquake,7.4,1.7,0.098,10,reviewed,us,us
2018-08-21T21:31:47.600Z,10.7731,-62.9019,146.82,7.3,mww,,15,1.822,1.1,us,us1000gez7,2021-08-05T15:59:31.383Z,"40 km ENE of Carúpano, Venezuela",earthquake,7.5,3.4,0.033,88,reviewed,us,us
2018-08-19T14:56:27.490Z,-8.319,116.6272,21,6.9,mww,,31,2.453,0.88,us,us1000gda5,2020-12-17T16:19:12.456Z,"20 km NNW of Labuan Lombok, Indonesia",earthquake,6.4,1.8,0.057,30,reviewed,us,us
2018-08-19T04:28:58.700Z,-16.9783,-178.0332,415.6,6.4,mb,,17,3.814,0.95,us,us1000gcwt,2018-10-27T16:22:06.040Z,"284 km ESE of Labasa, Fiji",earthquake,7.8,4.6,0.022,790,reviewed,us,us
2018-08-19T04:10:22.640Z,-8.3366,116.5993,16,6.3,mww,,14,2.424,1.11,us,us1000gcvr,2020-07-10T15:52:36.212Z,"19 km NNW of Labuan Lombok, Indonesia",earthquake,6.2,1.7,0.11,8,reviewed,us,us
2018-08-19T00:23:06.180Z,-18.4447,-177.6404,575.76,6.3,mb,,50,4.155,0.75,us,us1000gcnc,2018-10-27T16:22:06.040Z,"Fiji region",earthquake,3.2,6.9,0.082,58,reviewed,us,us
2018-08-19T00:19:40.670Z,-18.1125,-178.153,600,8.2,mww,,13,3.63,0.79,us,us1000gcii,2020-07-10T15:52:13.262Z,"267 km E of Levuka, Fiji",earthquake,9.6,1.9,0.045,47,reviewed,us,us
2018-08-17T23:22:24.950Z,8.7791,-83.1527,15,6.1,mww,,37,0.459,1.12,us,us1000gc0k,2020-07-10T15:51:48.781Z,"19 km NNW of Golfito, Costa Rica",earthquake,6,1.7,0.052,36,reviewed,us,us
2018-08-17T15:35:01.890Z,-7.3718,119.8017,529,6.5,mww,,23,2.719,0.98,us,us1000gbi4,2018-10-27T16:22:04.040Z,"124 km N of Labuan Bajo, Indonesia",earthquake,8.8,1.9,0.045,48,reviewed,us,us
2018-08-16T18:22:53.360Z,23.4226,143.3187,20,6.3,mww,,17,3.798,0.64,us,us1000gaqv,2018-10-27T16:22:04.040Z,"Volcano Islands, Japan region",earthquake,7.1,1.7,0.042,54,reviewed,us,us
2018-08-15T21:56:56.310Z,51.4234,-178.0262,33.93,6.5,mww,,22,0.576,0.72,us,us1000ga0z,2021-02-19T18:07:19.449Z,"108 km WSW of Adak, Alaska",earthquake,4.7,2.5,0.033,88,reviewed,us,us
2018-08-14T03:29:52.100Z,-58.1339,-25.2725,25,6.1,mww,,19,7.346,0.77,us,us1000g8kf,2018-10-27T16:22:02.040Z,"South Sandwich Islands region",earthquake,8.6,1.7,0.056,31,reviewed,us,us
2018-08-12T21:15:00.999Z,69.5227,-144.3388,16.2,6,mw,,,,0.86,ak,ak018aasz24z,2019-07-01T18:10:08.430Z,"73 km SSW of Kaktovik, Alaska",earthquake,,0.3,,,reviewed,ak,ak
2018-08-12T14:58:53.503Z,69.5762,-145.291,15.8,6.4,mw,,,,1.31,ak,ak018aap2cqu,2020-06-18T08:55:18.410Z,"89 km SW of Kaktovik, Alaska",earthquake,,0.2,,,reviewed,ak,ak
2018-08-10T18:12:07.020Z,48.4593,154.939,27,6,mww,,20,5.14,0.83,us,us1000g6hl,2018-10-17T18:11:48.040Z,"261 km SSW of Severo-Kuril’sk, Russia",earthquake,7.9,1.7,0.068,21,reviewed,us,us
2018-08-05T11:46:38.630Z,-8.2581,116.4375,34,6.9,mww,,15,2.271,1.05,us,us1000g3ub,2021-09-10T13:49:30.066Z,"36 km NW of Labuan Lombok, Indonesia",earthquake,6.2,1.7,0.034,83,reviewed,us,us
2018-07-28T22:47:38.740Z,-8.2395,116.508,14,6.4,mww,,14,2.342,1.15,us,us2000ggbs,2020-07-10T17:13:51.872Z,"33 km NNW of Labuan Lombok, Indonesia",earthquake,3.6,1.6,0.054,33,reviewed,us,us
2018-07-28T17:07:23.380Z,-7.1039,122.7263,578.16,6,mww,,19,1.597,1.31,us,us2000gg76,2018-10-09T16:43:20.040Z,"177 km NNE of Maumere, Indonesia",earthquake,7.7,2.7,0.039,63,reviewed,us,us
2018-07-23T10:35:59.590Z,-0.2994,-19.252,10,6,mww,,38,8.859,1.4,us,us2000gbr3,2018-10-09T16:43:20.040Z,"central Mid-Atlantic Ridge",earthquake,8.3,1.8,0.052,35,reviewed,us,us
2018-07-19T18:30:32.710Z,-6.1139,148.7302,29.62,6,mww,,16,3.62,0.75,us,usd00090uc,2020-07-10T19:22:16.619Z,"91 km W of Kandrian, Papua New Guinea",earthquake,8.2,2.7,0.05,39,reviewed,us,us
2018-07-17T07:02:53.020Z,-11.5936,166.432,37.96,6,mww,,43,6.726,0.88,us,us2000g6uy,2018-10-04T14:15:33.040Z,"118 km SE of Lata, Solomon Islands",earthquake,8.6,4.1,0.053,34,reviewed,us,us
2018-07-15T13:09:16.470Z,13.8484,51.717,10,6,mww,,96,19.186,0.74,us,us2000g5mh,2018-10-02T16:40:42.040Z,"192 km NNW of Kilmia, Yemen",earthquake,11.7,1.9,0.05,38,reviewed,us,us
2018-07-15T01:57:19.410Z,14.0625,51.7365,10,6,mww,,64,9.028,1.21,us,us2000g5b4,2018-10-02T16:40:41.040Z,"214 km NNW of Kilmia, Yemen",earthquake,8.6,1.8,0.046,45,reviewed,us,us
2018-07-13T09:46:49.070Z,-18.9279,169.0467,167,6.4,mww,,19,2.505,0.96,us,us2000g3up,2018-10-02T16:40:37.040Z,"72 km NNW of Isangel, Vanuatu",earthquake,7.3,1.8,0.037,71,reviewed,us,us
2018-07-07T21:33:49.640Z,-30.5662,-178.0701,35,6,mww,,40,1.322,0.65,us,us2000fzb7,2018-09-27T14:03:44.040Z,"Kermadec Islands, New Zealand",earthquake,4,1.8,0.052,36,reviewed,us,us
2018-07-06T01:40:04.610Z,51.4994,157.8404,45,6.1,mww,,23,1.605,0.71,us,us2000fxyz,2018-09-27T14:03:42.040Z,"93 km E of Ozernovskiy, Russia",earthquake,6.9,1.8,0.056,31,reviewed,us,us
2018-06-21T21:13:32.660Z,-17.7905,168.0568,28,6.1,mww,,14,3.069,1.27,us,us1000ey2i,2020-07-10T15:50:16.806Z,"27 km WSW of Port-Vila, Vanuatu",earthquake,6.3,1.7,0.04,59,reviewed,us,us
2018-05-18T01:45:31.460Z,-34.5886,-178.4143,11,6.1,mww,,19,3.982,0.82,us,us1000e7qq,2018-08-15T19:46:56.040Z,"south of the Kermadec Islands",earthquake,7.9,1.7,0.041,58,reviewed,us,us
2018-05-09T10:41:45.910Z,36.9942,71.3822,116,6.2,mww,,17,0.578,1.1,us,us1000e19e,2020-07-10T15:47:20.283Z,"36 km NW of Ishqoshim, Tajikistan",earthquake,6.4,1.8,0.05,39,reviewed,us,us
2018-05-09T07:57:54.950Z,-5.8822,151.7836,9,6,mww,,24,1.722,0.84,us,us1000e17w,2020-07-10T15:47:07.987Z,"178 km SSW of Kokopo, Papua New Guinea",earthquake,3.2,1.8,0.046,45,reviewed,us,us
2018-05-05T06:19:05.040Z,14.5708,123.9192,18,6.1,mww,,21,2.928,0.98,us,us1000dym9,2020-07-10T15:46:23.267Z,"64 km NNW of Pandan, Philippines",earthquake,4.4,1.8,0.055,32,reviewed,us,us
2018-05-04T22:32:54.650Z,19.3181667,-154.9996667,5.81,6.9,mw,63,210,0.11,0.11,hv,hv70116556,2021-07-02T15:32:59.963Z,"18 km SSW of Leilani Estates, Hawaii",earthquake,0.52,0.31,,10,reviewed,hv,hv
2018-05-02T06:32:49.020Z,-24.2723,-111.6328,10,6,mww,,38,3.492,1.21,us,us1000dw7i,2018-07-27T20:20:32.040Z,"Easter Island region",earthquake,10.3,1.8,0.058,29,reviewed,us,us
2018-04-19T21:09:17.000Z,-42.7797,42.1877,10,6,mww,,20,15.638,0.83,us,us1000dnuj,2018-07-17T02:05:32.040Z,"Prince Edward Islands region",earthquake,9.6,1.7,0.042,54,reviewed,us,us
2018-04-15T19:30:43.200Z,1.4083,126.8759,34,6,mww,,29,0.8,1.35,us,us2000e0mq,2018-07-07T02:25:24.040Z,"88 km NW of Ternate, Indonesia",earthquake,6,1.7,0.057,30,reviewed,us,us
2018-04-10T10:19:34.370Z,-31.0258,-71.5292,66,6.2,mww,,19,0.362,1,us,us2000dxfc,2020-07-10T17:11:13.979Z,"56 km SW of Ovalle, Chile",earthquake,4.8,1.8,0.044,50,reviewed,us,us
2018-04-07T05:48:40.010Z,-5.8382,142.5314,18.07,6.3,mww,,19,5.796,0.84,us,us2000dvwq,2020-07-10T17:10:17.700Z,"45 km W of Tari, Papua New Guinea",earthquake,7.1,3,0.065,23,reviewed,us,us
2018-04-05T03:53:38.410Z,6.8325,126.7785,34,6,mww,,17,1.213,0.82,us,us2000dus5,2020-07-10T17:09:21.906Z,"43 km ESE of Tarragona, Philippines",earthquake,7.3,1.8,0.06,27,reviewed,us,us
2018-04-02T13:40:34.840Z,-20.6588,-63.0058,559,6.8,mww,,16,5.32,0.99,us,us1000dce2,2018-06-30T01:11:24.040Z,"38 km SE of Boyuibe, Bolivia",earthquake,6.7,1.9,0.047,43,reviewed,us,us
2018-04-02T05:57:35.680Z,-24.719,-176.8865,92,6.1,mww,,20,4.603,1.15,us,us1000dcbs,2018-06-30T01:11:24.040Z,"south of the Fiji Islands",earthquake,7.5,1.8,0.045,48,reviewed,us,us
2018-03-29T21:25:36.790Z,-5.5321,151.4999,35,6.9,mww,,18,1.487,1.02,us,us1000db40,2020-07-10T15:43:34.439Z,"150 km E of Kimbe, Papua New Guinea",earthquake,6.6,1.8,0.057,30,reviewed,us,us
2018-03-26T09:51:00.430Z,-5.5024,151.4025,40,6.7,mww,,15,1.507,1.18,us,us1000d937,2020-07-10T15:43:08.177Z,"140 km E of Kimbe, Papua New Guinea",earthquake,6.5,0.8,0.049,40,reviewed,us,us
2018-03-25T20:14:47.690Z,-6.6343,129.8172,169,6.4,mww,,13,1.988,1.09,us,us1000d8xh,2018-06-19T01:35:53.040Z,"Banda Sea",earthquake,6.5,0.7,0.033,87,reviewed,us,us
2018-03-24T19:58:33.380Z,-45.7783,96.0692,10,6,mww,,29,17.781,0.75,us,us1000d8ny,2018-06-19T01:35:51.040Z,"southeast Indian Ridge",earthquake,10.1,1.7,0.054,33,reviewed,us,us
2018-03-24T11:23:32.050Z,-5.4959,151.4971,33,6.3,mww,,19,5.361,0.95,us,us1000d8k9,2020-07-10T15:42:56.208Z,"150 km E of Kimbe, Papua New Guinea",earthquake,7.1,1.3,0.048,42,reviewed,us,us
2018-03-08T17:39:51.100Z,-4.3762,153.1996,22.86,6.8,mww,,16,1.049,1.05,us,us1000d1kv,2020-07-10T15:41:59.232Z,"103 km E of Kokopo, Papua New Guinea",earthquake,6.5,3,0.046,45,reviewed,us,us
2018-03-06T14:13:07.650Z,-6.3043,142.6116,20.49,6.7,mww,,19,5.457,0.97,us,us2000dcx1,2020-07-10T17:08:43.525Z,"62 km SW of Tari, Papua New Guinea",earthquake,5.3,2.7,0.038,68,reviewed,us,us
2018-03-04T19:56:17.890Z,-6.331,142.5994,10,6,mww,,18,5.452,1.25,us,us2000dc52,2020-07-10T17:07:55.284Z,"66 km SW of Tari, Papua New Guinea",earthquake,8,1.8,0.049,40,reviewed,us,us
2018-02-28T02:45:45.430Z,-6.1696,142.4681,16,6.1,mww,,19,5.651,1.03,us,us2000d90d,2020-07-10T17:07:04.631Z,"63 km SW of Tari, Papua New Guinea",earthquake,7.1,1.7,0.054,33,reviewed,us,us
2018-02-27T17:29:22.580Z,-60.2494,150.7793,10,6.1,mww,,37,7.26,1.04,us,us2000d8rl,2018-05-27T01:06:04.040Z,"west of Macquarie Island",earthquake,9.4,1.7,0.063,24,reviewed,us,us
2018-02-26T15:18:00.280Z,-6.5052,143.255,19,6.3,mww,,19,4.822,0.88,us,us2000d867,2020-07-10T17:06:26.679Z,"59 km SW of Mendi, Papua New Guinea",earthquake,6.6,1.7,0.059,28,reviewed,us,us
2018-02-26T13:34:53.530Z,-2.7774,126.6859,9,6.1,mww,,38,3.59,0.8,us,us2000d855,2021-08-30T05:22:22.493Z,"194 km WNW of Ambon, Indonesia",earthquake,6.7,1.7,0.048,41,reviewed,us,us
2018-02-25T17:44:44.140Z,-6.0699,142.7536,25.21,7.5,mww,,17,5.48,1.31,us,us2000d7q6,2020-08-15T02:15:52.360Z,"32 km SW of Tari, Papua New Guinea",earthquake,7.2,3,0.039,63,reviewed,us,us
2018-02-16T23:39:39.280Z,16.3855,-97.9787,22,7.2,mww,,82,0.142,1.23,us,us2000d3km,2021-09-23T18:43:31.167Z,"4 km S of Pinotepa de Don Luis, Mexico",earthquake,4.3,1.8,0.062,25,reviewed,us,us
2018-02-11T23:14:15.080Z,13.8205,146.4377,10,6,mww,,15,1.542,0.73,us,us2000d0p1,2018-05-03T22:15:11.040Z,"154 km SE of San Jose Village, Northern Mariana Islands",earthquake,7.2,1.7,0.057,30,reviewed,us,us
2018-02-09T11:43:56.760Z,-17.8709,-178.6605,556.91,6,mww,,35,7.704,0.9,us,us2000czgc,2018-05-03T22:15:06.040Z,"215 km E of Levuka, Fiji",earthquake,9.4,3.1,0.051,37,reviewed,us,us
2018-02-06T15:50:43.320Z,24.1338,121.6586,17,6.4,mww,,34,0.07,0.91,us,us1000chhc,2021-05-09T07:39:16.041Z,"18 km NNE of Hualien City, Taiwan",earthquake,3.9,1.7,0.047,44,reviewed,us,us
2018-02-04T13:56:41.950Z,24.1572,121.7078,12,6.1,mww,,30,0.104,0.87,us,us1000cfn6,2020-07-10T15:40:29.600Z,"22 km NNE of Hualien City, Taiwan",earthquake,5.5,1.7,0.047,43,reviewed,us,us
2018-02-01T11:05:50.630Z,-16.5186,-177.4612,10,6,mww,,56,6.068,1.14,us,us1000cdn0,2021-08-30T05:29:14.458Z,"254 km SSE of Alo, Wallis and Futuna",earthquake,9.3,1.8,0.052,36,reviewed,us,us
2018-01-31T07:07:00.290Z,36.5261,70.8507,193.73,6.2,mww,,17,0.637,0.86,us,us2000crmu,2020-07-10T17:01:54.188Z,"37 km S of Jurm, Afghanistan",earthquake,6.7,3.2,0.046,45,reviewed,us,us
2018-01-28T16:03:03.970Z,-53.0623,9.6842,10,6.6,mww,,27,19.475,0.61,us,us2000cqnn,2021-06-28T06:02:47.834Z,"southwest of Africa",earthquake,10.3,1.8,0.055,32,reviewed,us,us
2018-01-26T22:47:57.760Z,-3.5138,145.8477,10,6.3,mww,,18,2.105,0.7,us,us2000cq5t,2018-04-20T07:05:27.040Z,"188 km N of Madang, Papua New Guinea",earthquake,6.8,1.7,0.065,23,reviewed,us,us
2018-01-25T02:10:34.820Z,55.5423,166.4497,11.15,6.2,mww,,35,5.219,0.6,us,us2000cp4y,2018-04-20T07:05:21.040Z,"259 km ESE of Ust’-Kamchatsk Staryy, Russia",earthquake,6.1,2.9,0.043,53,reviewed,us,us
2018-01-24T10:51:19.090Z,41.1034,142.4323,31,6.3,mww,,51,1.061,0.88,us,us2000cnnl,2018-09-05T18:27:53.129Z,"99 km ENE of Misawa, Japan",earthquake,6.3,1.8,0.06,27,reviewed,us,us
2018-01-23T09:31:40.890Z,56.0039,-149.1658,14.06,7.9,mww,,30,2.585,0.77,us,us2000cmy3,2020-08-15T02:41:12.839Z,"261 km SE of Chiniak, Alaska",earthquake,6,2.8,0.034,81,reviewed,us,us
2018-01-21T01:06:42.710Z,-18.8806,-69.4445,116,6.3,mww,,15,0.545,1.41,us,us2000cm0f,2021-05-18T01:22:09.892Z,"100 km ESE of Arica, Chile",earthquake,6.4,1.8,0.047,44,reviewed,us,us
2018-01-19T16:17:44.720Z,26.6862,-111.0785,10,6.3,mww,,109,1.214,1.45,us,us2000cl83,2020-07-10T17:00:41.030Z,"79 km NNE of Loreto, Mexico",earthquake,5.7,1.8,0.035,79,reviewed,us,us
2018-01-14T09:18:45.540Z,-15.7675,-74.7092,39,7.1,mww,,23,4.29,1.2,us,us2000cjfy,2021-02-27T19:54:33.140Z,"37 km W of Atiquipa, Peru",earthquake,7,1.8,0.032,95,reviewed,us,us
2018-01-11T18:26:24.240Z,18.3719,96.0717,9,6,mww,,29,2.759,1.01,us,us2000cifa,2020-07-10T16:59:41.573Z,"40 km WSW of Pyu, Myanmar",earthquake,6.3,1.8,0.052,35,reviewed,us,us
2018-01-10T02:51:33.290Z,17.4825,-83.52,19,7.5,mww,,12,4.581,0.82,us,us1000c2zy,2020-07-10T15:39:48.704Z,"203 km NNE of Barra Patuca, Honduras",earthquake,5.8,1.7,0.035,79,reviewed,us,us
